Team,Opp,WorL,TeamPTS,OppPTS,W,L
Toronto Raptors,New Orleans Pelicans,W,130,122,1,0
Toronto Raptors,Boston Celtics,L,106,112,1,1
Toronto Raptors,Chicago Bulls,W,108,84,2,1
Toronto Raptors,Orlando Magic,W,104,95,3,1
Toronto Raptors,Detroit Pistons,W,125,113,4,1
Toronto Raptors,Milwaukee Bucks,L,105,115,4,2
Toronto Raptors,Sacramento Kings,W,124,120,5,2
Toronto Raptors,New Orleans Pelicans,W,122,104,6,2
Toronto Raptors,Los Angeles Lakers,W,113,104,7,2
Toronto Raptors,Los Angeles Clippers,L,88,98,7,3
Toronto Raptors,Portland Trail Blazers,W,114,106,8,3
Toronto Raptors,Dallas Mavericks,L,102,110,8,4
Toronto Raptors,Charlotte Hornets,W,132,96,9,4
Toronto Raptors,Orlando Magic,W,113,97,10,4
Toronto Raptors,Atlanta Hawks,W,119,116,11,4
Toronto Raptors,Philadelphia 76ers,W,101,96,12,4
Toronto Raptors,New York Knicks,W,126,98,13,4
Toronto Raptors,Orlando Magic,W,90,83,14,4
Toronto Raptors,Utah Jazz,W,130,110,15,4
Toronto Raptors,Miami Heat,L,110,121,15,5
Toronto Raptors,Houston Rockets,L,109,119,15,6
Toronto Raptors,Philadelphia 76ers,L,104,110,15,7
Toronto Raptors,Chicago Bulls,W,93,92,16,7
Toronto Raptors,Los Angeles Clippers,L,92,112,16,8
Toronto Raptors,Brooklyn Nets,W,110,102,17,8
Toronto Raptors,Cleveland Cavaliers,W,133,113,18,8
Toronto Raptors,Detroit Pistons,W,112,99,19,8
Toronto Raptors,Washington Wizards,W,122,118,20,8
Toronto Raptors,Dallas Mavericks,W,110,107,21,8
Toronto Raptors,Indiana Pacers,L,115,120,21,9
Toronto Raptors,Boston Celtics,L,102,118,21,10
Toronto Raptors,Boston Celtics,W,113,97,22,10
Toronto Raptors,Oklahoma City Thunder,L,97,98,22,11
Toronto Raptors,Cleveland Cavaliers,W,117,97,23,11
Toronto Raptors,Miami Heat,L,76,84,23,12
Toronto Raptors,Brooklyn Nets,W,121,102,24,12
Toronto Raptors,Portland Trail Blazers,L,99,101,24,13
Toronto Raptors,Charlotte Hornets,W,112,110,25,13
Toronto Raptors,San Antonio Spurs,L,104,105,25,14
Toronto Raptors,Oklahoma City Thunder,W,130,121,26,14
Toronto Raptors,Washington Wizards,W,140,111,27,14
Toronto Raptors,Minnesota Timberwolves,W,122,112,28,14
Toronto Raptors,Atlanta Hawks,W,122,117,29,14
Toronto Raptors,Philadelphia 76ers,W,107,95,30,14
Toronto Raptors,New York Knicks,W,118,112,31,14
Toronto Raptors,San Antonio Spurs,W,110,106,32,14
Toronto Raptors,Atlanta Hawks,W,130,114,33,14
Toronto Raptors,Cleveland Cavaliers,W,115,109,34,14
Toronto Raptors,Detroit Pistons,W,105,92,35,14
Toronto Raptors,Chicago Bulls,W,129,102,36,14
Toronto Raptors,Indiana Pacers,W,119,118,37,14
Toronto Raptors,Indiana Pacers,W,115,106,38,14
Toronto Raptors,Brooklyn Nets,W,119,118,39,14
Toronto Raptors,Minnesota Timberwolves,W,137,126,40,14
Toronto Raptors,Brooklyn Nets,L,91,101,40,15
Toronto Raptors,Phoenix Suns,W,118,101,41,15
Toronto Raptors,Indiana Pacers,W,127,81,42,15
Toronto Raptors,Milwaukee Bucks,L,97,108,42,16
Toronto Raptors,Charlotte Hornets,L,96,99,42,17
Toronto Raptors,Denver Nuggets,L,118,133,42,18
Toronto Raptors,Phoenix Suns,W,123,114,43,18
Toronto Raptors,Golden State Warriors,W,121,113,44,18
Toronto Raptors,Sacramento Kings,W,118,113,45,18
Toronto Raptors,Utah Jazz,W,101,92,46,18
Boston Celtics,Philadelphia 76ers,L,93,107,0,1
Boston Celtics,Toronto Raptors,W,112,106,1,1
Boston Celtics,New York Knicks,W,118,95,2,1
Boston Celtics,Milwaukee Bucks,W,116,105,3,1
Boston Celtics,New York Knicks,W,104,102,4,1
Boston Celtics,Cleveland Cavaliers,W,119,113,5,1
Boston Celtics,Charlotte Hornets,W,108,87,6,1
Boston Celtics,San Antonio Spurs,W,135,115,7,1
Boston Celtics,Dallas Mavericks,W,116,106,8,1
Boston Celtics,Washington Wizards,W,140,133,9,1
Boston Celtics,Golden State Warriors,W,105,100,10,1
Boston Celtics,Sacramento Kings,L,99,100,10,2
Boston Celtics,Phoenix Suns,W,99,85,11,2
Boston Celtics,Los Angeles Clippers,L,104,107,11,3
Boston Celtics,Denver Nuggets,L,92,96,11,4
Boston Celtics,Sacramento Kings,W,103,102,12,4
Boston Celtics,Brooklyn Nets,W,121,110,13,4
Boston Celtics,Brooklyn Nets,L,107,112,13,5
Boston Celtics,New York Knicks,W,113,104,14,5
Boston Celtics,Miami Heat,W,112,93,15,5
Boston Celtics,Denver Nuggets,W,108,95,16,5
Boston Celtics,Cleveland Cavaliers,W,110,88,17,5
Boston Celtics,Indiana Pacers,L,117,122,17,6
Boston Celtics,Philadelphia 76ers,L,109,115,17,7
Boston Celtics,Dallas Mavericks,W,109,103,18,7
Boston Celtics,Detroit Pistons,W,114,93,19,7
Boston Celtics,Charlotte Hornets,W,119,93,20,7
Boston Celtics,Toronto Raptors,W,118,102,21,7
Boston Celtics,Cleveland Cavaliers,W,129,117,22,7
Boston Celtics,Toronto Raptors,L,97,113,22,8
Boston Celtics,Charlotte Hornets,W,109,92,23,8
Boston Celtics,Atlanta Hawks,W,109,106,24,8
Boston Celtics,Chicago Bulls,W,111,104,25,8
Boston Celtics,Washington Wizards,L,94,99,25,9
Boston Celtics,San Antonio Spurs,L,114,129,25,10
Boston Celtics,Philadelphia 76ers,L,98,109,25,11
Boston Celtics,New Orleans Pelicans,W,140,105,26,11
Boston Celtics,Chicago Bulls,W,113,101,27,11
Boston Celtics,Detroit Pistons,L,103,116,27,12
Boston Celtics,Milwaukee Bucks,L,123,128,27,13
Boston Celtics,Phoenix Suns,L,119,123,27,14
Boston Celtics,Los Angeles Lakers,W,139,107,28,14
Boston Celtics,Memphis Grizzlies,W,119,95,29,14
Boston Celtics,Orlando Magic,W,109,98,30,14
Boston Celtics,New Orleans Pelicans,L,108,123,30,15
Boston Celtics,Miami Heat,W,109,101,31,15
Boston Celtics,Golden State Warriors,W,119,104,32,15
Boston Celtics,Philadelphia 76ers,W,116,95,33,15
Boston Celtics,Atlanta Hawks,W,123,115,34,15
Boston Celtics,Orlando Magic,W,116,100,35,15
Boston Celtics,Atlanta Hawks,W,112,107,36,15
Boston Celtics,Oklahoma City Thunder,W,112,111,37,15
Boston Celtics,Houston Rockets,L,105,116,37,16
Boston Celtics,Los Angeles Clippers,W,141,133,38,16
Boston Celtics,Minnesota Timberwolves,W,127,117,39,16
Boston Celtics,Los Angeles Lakers,L,112,114,39,17
Boston Celtics,Portland Trail Blazers,W,118,106,40,17
Boston Celtics,Utah Jazz,W,114,103,41,17
Boston Celtics,Houston Rockets,L,110,111,41,18
Boston Celtics,Brooklyn Nets,L,120,129,41,19
Boston Celtics,Cleveland Cavaliers,W,112,106,42,19
Boston Celtics,Utah Jazz,L,94,99,42,20
Boston Celtics,Oklahoma City Thunder,L,104,105,42,21
Boston Celtics,Indiana Pacers,W,114,111,43,21
Philadelphia 76ers,Boston Celtics,W,107,93,1,0
Philadelphia 76ers,Detroit Pistons,W,117,111,2,0
Philadelphia 76ers,Atlanta Hawks,W,105,103,3,0
Philadelphia 76ers,Minnesota Timberwolves,W,117,95,4,0
Philadelphia 76ers,Portland Trail Blazers,W,129,128,5,0
Philadelphia 76ers,Phoenix Suns,L,109,114,5,1
Philadelphia 76ers,Utah Jazz,L,104,106,5,2
Philadelphia 76ers,Denver Nuggets,L,97,100,5,3
Philadelphia 76ers,Charlotte Hornets,W,114,106,6,3
Philadelphia 76ers,Cleveland Cavaliers,W,98,97,7,3
Philadelphia 76ers,Orlando Magic,L,97,112,7,4
Philadelphia 76ers,Oklahoma City Thunder,L,119,127,7,5
Philadelphia 76ers,Cleveland Cavaliers,W,114,95,8,5
Philadelphia 76ers,New York Knicks,W,109,104,9,5
Philadelphia 76ers,San Antonio Spurs,W,115,104,10,5
Philadelphia 76ers,Miami Heat,W,113,86,11,5
Philadelphia 76ers,Toronto Raptors,L,96,101,11,6
Philadelphia 76ers,Sacramento Kings,W,97,91,12,6
Philadelphia 76ers,New York Knicks,W,101,95,13,6
Philadelphia 76ers,Indiana Pacers,W,119,116,14,6
Philadelphia 76ers,Utah Jazz,W,103,94,15,6
Philadelphia 76ers,Washington Wizards,L,113,119,15,7
Philadelphia 76ers,Cleveland Cavaliers,W,141,94,16,7
Philadelphia 76ers,Toronto Raptors,W,110,104,17,7
Philadelphia 76ers,Denver Nuggets,W,97,92,18,7
Philadelphia 76ers,Boston Celtics,W,115,109,19,7
Philadelphia 76ers,New Orleans Pelicans,W,116,109,20,7
Philadelphia 76ers,Brooklyn Nets,L,89,109,20,8
Philadelphia 76ers,Miami Heat,L,104,108,20,9
Philadelphia 76ers,Dallas Mavericks,L,98,117,20,10
Philadelphia 76ers,Washington Wizards,W,125,108,21,10
Philadelphia 76ers,Detroit Pistons,W,125,109,22,10
Philadelphia 76ers,Milwaukee Bucks,W,121,109,23,10
Philadelphia 76ers,Orlando Magic,L,97,98,23,11
Philadelphia 76ers,Miami Heat,L,116,117,23,12
Philadelphia 76ers,Indiana Pacers,L,97,115,23,13
Philadelphia 76ers,Houston Rockets,L,108,118,23,14
Philadelphia 76ers,Oklahoma City Thunder,W,120,113,24,14
Philadelphia 76ers,Boston Celtics,W,109,98,25,14
Philadelphia 76ers,Dallas Mavericks,L,91,109,25,15
Philadelphia 76ers,Indiana Pacers,L,95,101,25,16
Philadelphia 76ers,Brooklyn Nets,W,117,106,26,16
Philadelphia 76ers,Chicago Bulls,W,100,89,27,16
Philadelphia 76ers,New York Knicks,W,90,87,28,16
Philadelphia 76ers,Brooklyn Nets,W,117,111,29,16
Philadelphia 76ers,Toronto Raptors,L,95,107,29,17
Philadelphia 76ers,Los Angeles Lakers,W,108,91,30,17
Philadelphia 76ers,Golden State Warriors,W,115,104,31,17
Philadelphia 76ers,Atlanta Hawks,L,117,127,31,18
Philadelphia 76ers,Boston Celtics,L,95,116,31,19
Philadelphia 76ers,Miami Heat,L,106,137,31,20
Philadelphia 76ers,Milwaukee Bucks,L,101,112,31,21
Philadelphia 76ers,Memphis Grizzlies,W,119,107,32,21
Philadelphia 76ers,Chicago Bulls,W,118,111,33,21
Philadelphia 76ers,Los Angeles Clippers,W,110,103,34,21
Philadelphia 76ers,Brooklyn Nets,W,112,104,35,21
Philadelphia 76ers,Milwaukee Bucks,L,98,119,35,22
Philadelphia 76ers,Atlanta Hawks,W,129,112,36,22
Philadelphia 76ers,Cleveland Cavaliers,L,94,108,36,23
Philadelphia 76ers,New York Knicks,W,115,106,37,23
Philadelphia 76ers,Los Angeles Clippers,L,130,136,37,24
Philadelphia 76ers,Los Angeles Lakers,L,107,120,37,25
Philadelphia 76ers,Sacramento Kings,W,125,108,38,25
Philadelphia 76ers,Golden State Warriors,L,114,118,38,26
Philadelphia 76ers,Detroit Pistons,W,124,106,39,26
Brooklyn Nets,Minnesota Timberwolves,L,126,127,0,1
Brooklyn Nets,New York Knicks,W,113,109,1,1
Brooklyn Nets,Memphis Grizzlies,L,133,134,1,2
Brooklyn Nets,Indiana Pacers,L,108,118,1,3
Brooklyn Nets,Houston Rockets,W,123,116,2,3
Brooklyn Nets,Detroit Pistons,L,109,113,2,4
Brooklyn Nets,New Orleans Pelicans,W,135,125,3,4
Brooklyn Nets,Portland Trail Blazers,W,119,115,4,4
Brooklyn Nets,Phoenix Suns,L,112,138,4,5
Brooklyn Nets,Utah Jazz,L,114,119,4,6
Brooklyn Nets,Denver Nuggets,L,93,101,4,7
Brooklyn Nets,Chicago Bulls,W,117,111,5,7
Brooklyn Nets,Indiana Pacers,L,86,115,5,8
Brooklyn Nets,Charlotte Hornets,W,101,91,6,8
Brooklyn Nets,Sacramento Kings,W,116,97,7,8
Brooklyn Nets,New York Knicks,W,103,101,8,8
Brooklyn Nets,Cleveland Cavaliers,W,108,106,9,8
Brooklyn Nets,Boston Celtics,L,110,121,9,9
Brooklyn Nets,Boston Celtics,W,112,107,10,9
Brooklyn Nets,Miami Heat,L,106,109,10,10
Brooklyn Nets,Atlanta Hawks,W,130,118,11,10
Brooklyn Nets,Charlotte Hornets,W,111,104,12,10
Brooklyn Nets,Denver Nuggets,W,105,102,13,10
Brooklyn Nets,Charlotte Hornets,L,108,113,13,11
Brooklyn Nets,Toronto Raptors,L,102,110,13,12
Brooklyn Nets,Philadelphia 76ers,W,109,89,14,12
Brooklyn Nets,New Orleans Pelicans,W,108,101,15,12
Brooklyn Nets,San Antonio Spurs,L,105,118,15,13
Brooklyn Nets,Atlanta Hawks,W,122,112,16,13
Brooklyn Nets,New York Knicks,L,82,94,16,14
Brooklyn Nets,Houston Rockets,L,98,108,16,15
Brooklyn Nets,Minnesota Timberwolves,L,115,122,16,16
Brooklyn Nets,Dallas Mavericks,L,111,123,16,17
Brooklyn Nets,Toronto Raptors,L,102,121,16,18
Brooklyn Nets,Orlando Magic,L,89,101,16,19
Brooklyn Nets,Oklahoma City Thunder,L,103,111,16,20
Brooklyn Nets,Miami Heat,W,117,113,17,20
Brooklyn Nets,Atlanta Hawks,W,108,86,18,20
Brooklyn Nets,Utah Jazz,L,107,118,18,21
Brooklyn Nets,Philadelphia 76ers,L,106,117,18,22
Brooklyn Nets,Milwaukee Bucks,L,97,117,18,23
Brooklyn Nets,Philadelphia 76ers,L,111,117,18,24
Brooklyn Nets,Los Angeles Lakers,L,113,128,18,25
Brooklyn Nets,Detroit Pistons,W,121,111,19,25
Brooklyn Nets,New York Knicks,L,97,110,19,26
Brooklyn Nets,Detroit Pistons,W,125,115,20,26
Brooklyn Nets,Chicago Bulls,W,133,118,21,26
Brooklyn Nets,Washington Wizards,L,107,113,21,27
Brooklyn Nets,Phoenix Suns,W,119,97,22,27
Brooklyn Nets,Golden State Warriors,W,129,88,23,27
Brooklyn Nets,Toronto Raptors,L,118,119,23,28
Brooklyn Nets,Indiana Pacers,W,106,105,24,28
Brooklyn Nets,Toronto Raptors,W,101,91,25,28
Brooklyn Nets,Philadelphia 76ers,L,104,112,25,29
Brooklyn Nets,Charlotte Hornets,W,115,86,26,29
Brooklyn Nets,Orlando Magic,L,113,115,26,30
Brooklyn Nets,Washington Wizards,L,106,110,26,31
Brooklyn Nets,Atlanta Hawks,L,118,141,26,32
Brooklyn Nets,Miami Heat,L,113,116,26,33
Brooklyn Nets,Boston Celtics,W,129,120,27,33
Brooklyn Nets,Memphis Grizzlies,L,79,118,27,34
Brooklyn Nets,San Antonio Spurs,W,139,120,28,34
Brooklyn Nets,Chicago Bulls,W,110,107,29,34
Brooklyn Nets,Los Angeles Lakers,W,104,102,30,34
Brooklyn Nets,Orlando Magic,L,118,128,30,35
New York Knicks,San Antonio Spurs,L,111,120,0,1
New York Knicks,Brooklyn Nets,L,109,113,0,2
New York Knicks,Boston Celtics,L,95,118,0,3
New York Knicks,Chicago Bulls,W,105,98,1,3
New York Knicks,Orlando Magic,L,83,95,1,4
New York Knicks,Boston Celtics,L,102,104,1,5
New York Knicks,Sacramento Kings,L,92,113,1,6
New York Knicks,Detroit Pistons,L,102,122,1,7
New York Knicks,Dallas Mavericks,W,106,102,2,7
New York Knicks,Cleveland Cavaliers,L,87,108,2,8
New York Knicks,Chicago Bulls,L,102,120,2,9
New York Knicks,Dallas Mavericks,W,106,103,3,9
New York Knicks,Charlotte Hornets,L,102,103,3,10
New York Knicks,Cleveland Cavaliers,W,123,105,4,10
New York Knicks,Philadelphia 76ers,L,104,109,4,11
New York Knicks,San Antonio Spurs,L,104,111,4,12
New York Knicks,Brooklyn Nets,L,101,103,4,13
New York Knicks,Toronto Raptors,L,98,126,4,14
New York Knicks,Philadelphia 76ers,L,95,101,4,15
New York Knicks,Boston Celtics,L,104,113,4,16
New York Knicks,Milwaukee Bucks,L,88,132,4,17
New York Knicks,Denver Nuggets,L,92,129,4,18
New York Knicks,Indiana Pacers,L,103,104,4,19
New York Knicks,Portland Trail Blazers,L,87,115,4,20
New York Knicks,Golden State Warriors,W,124,122,5,20
New York Knicks,Sacramento Kings,W,103,101,6,20
New York Knicks,Denver Nuggets,L,105,111,6,21
New York Knicks,Atlanta Hawks,W,143,120,7,21
New York Knicks,Miami Heat,L,114,129,7,22
New York Knicks,Milwaukee Bucks,L,102,123,7,23
New York Knicks,Washington Wizards,L,115,121,7,24
New York Knicks,Brooklyn Nets,W,94,82,8,24
New York Knicks,Washington Wizards,W,107,100,9,24
New York Knicks,Portland Trail Blazers,W,117,93,10,24
New York Knicks,Phoenix Suns,L,112,120,10,25
New York Knicks,Los Angeles Clippers,L,132,135,10,26
New York Knicks,Los Angeles Lakers,L,87,117,10,27
New York Knicks,Utah Jazz,L,104,128,10,28
New York Knicks,New Orleans Pelicans,L,111,123,10,29
New York Knicks,Miami Heat,W,124,121,11,29
New York Knicks,Milwaukee Bucks,L,102,128,11,30
New York Knicks,Phoenix Suns,L,98,121,11,31
New York Knicks,Philadelphia 76ers,L,87,90,11,32
New York Knicks,Cleveland Cavaliers,W,106,86,12,32
New York Knicks,Los Angeles Lakers,L,92,100,12,33
New York Knicks,Toronto Raptors,L,112,118,12,34
New York Knicks,Brooklyn Nets,W,110,97,13,34
New York Knicks,Charlotte Hornets,L,92,97,13,35
New York Knicks,Memphis Grizzlies,L,106,127,13,36
New York Knicks,Indiana Pacers,W,92,85,14,36
New York Knicks,Cleveland Cavaliers,W,139,134,15,36
New York Knicks,Orlando Magic,W,105,103,16,36
New York Knicks,Detroit Pistons,W,95,92,17,36
New York Knicks,Atlanta Hawks,L,135,140,17,37
New York Knicks,Washington Wizards,L,96,114,17,38
New York Knicks,Indiana Pacers,L,98,106,17,39
New York Knicks,Houston Rockets,L,112,123,17,40
New York Knicks,Charlotte Hornets,L,101,107,17,41
New York Knicks,Philadelphia 76ers,L,106,115,17,42
New York Knicks,Chicago Bulls,W,125,115,18,42
New York Knicks,Houston Rockets,W,125,123,19,42
New York Knicks,Utah Jazz,L,104,112,19,43
New York Knicks,Oklahoma City Thunder,L,103,126,19,44
New York Knicks,Detroit Pistons,W,96,84,20,44
New York Knicks,Washington Wizards,L,115,122,20,45
New York Knicks,Atlanta Hawks,W,136,131,21,45
Milwaukee Bucks,Houston Rockets,W,117,111,1,0
Milwaukee Bucks,Miami Heat,L,126,131,1,1
Milwaukee Bucks,Cleveland Cavaliers,W,129,112,2,1
Milwaukee Bucks,Boston Celtics,L,105,116,2,2
Milwaukee Bucks,Orlando Magic,W,123,91,3,2
Milwaukee Bucks,Toronto Raptors,W,115,105,4,2
Milwaukee Bucks,Minnesota Timberwolves,W,134,106,5,2
Milwaukee Bucks,Los Angeles Clippers,W,129,124,6,2
Milwaukee Bucks,Utah Jazz,L,100,103,6,3
Milwaukee Bucks,Oklahoma City Thunder,W,121,119,7,3
Milwaukee Bucks,Chicago Bulls,W,124,115,8,3
Milwaukee Bucks,Indiana Pacers,W,102,83,9,3
Milwaukee Bucks,Chicago Bulls,W,115,101,10,3
Milwaukee Bucks,Atlanta Hawks,W,135,127,11,3
Milwaukee Bucks,Portland Trail Blazers,W,137,129,12,3
Milwaukee Bucks,Detroit Pistons,W,104,90,13,3
Milwaukee Bucks,Utah Jazz,W,122,118,14,3
Milwaukee Bucks,Atlanta Hawks,W,111,102,15,3
Milwaukee Bucks,Cleveland Cavaliers,W,119,110,16,3
Milwaukee Bucks,Charlotte Hornets,W,137,96,17,3
Milwaukee Bucks,New York Knicks,W,132,88,18,3
Milwaukee Bucks,Detroit Pistons,W,127,103,19,3
Milwaukee Bucks,Los Angeles Clippers,W,119,91,20,3
Milwaukee Bucks,Orlando Magic,W,110,101,21,3
Milwaukee Bucks,New Orleans Pelicans,W,127,112,22,3
Milwaukee Bucks,Memphis Grizzlies,W,127,114,23,3
Milwaukee Bucks,Cleveland Cavaliers,W,125,108,24,3
Milwaukee Bucks,Dallas Mavericks,L,116,120,24,4
Milwaukee Bucks,Los Angeles Lakers,W,111,104,25,4
Milwaukee Bucks,New York Knicks,W,123,102,26,4
Milwaukee Bucks,Indiana Pacers,W,117,89,27,4
Milwaukee Bucks,Philadelphia 76ers,L,109,121,27,5
Milwaukee Bucks,Atlanta Hawks,W,112,86,28,5
Milwaukee Bucks,Orlando Magic,W,111,100,29,5
Milwaukee Bucks,Chicago Bulls,W,123,102,30,5
Milwaukee Bucks,Minnesota Timberwolves,W,106,104,31,5
Milwaukee Bucks,San Antonio Spurs,W,127,118,32,5
Milwaukee Bucks,San Antonio Spurs,L,104,126,32,6
Milwaukee Bucks,Golden State Warriors,W,107,98,33,6
Milwaukee Bucks,Sacramento Kings,W,127,106,34,6
Milwaukee Bucks,Portland Trail Blazers,W,122,101,35,6
Milwaukee Bucks,New York Knicks,W,128,102,36,6
Milwaukee Bucks,Boston Celtics,W,128,123,37,6
Milwaukee Bucks,Brooklyn Nets,W,117,97,38,6
Milwaukee Bucks,Chicago Bulls,W,111,98,39,6
Milwaukee Bucks,Charlotte Hornets,W,116,103,40,6
Milwaukee Bucks,Washington Wizards,W,151,131,41,6
Milwaukee Bucks,Denver Nuggets,L,115,127,41,7
Milwaukee Bucks,Phoenix Suns,W,129,108,42,7
Milwaukee Bucks,New Orleans Pelicans,W,120,108,43,7
Milwaukee Bucks,Philadelphia 76ers,W,112,101,44,7
Milwaukee Bucks,Orlando Magic,W,111,95,45,7
Milwaukee Bucks,Sacramento Kings,W,123,111,46,7
Milwaukee Bucks,Indiana Pacers,L,111,118,46,8
Milwaukee Bucks,Detroit Pistons,W,126,106,47,8
Milwaukee Bucks,Philadelphia 76ers,W,119,98,48,8
Milwaukee Bucks,Washington Wizards,W,137,134,49,8
Milwaukee Bucks,Toronto Raptors,W,108,97,50,8
Milwaukee Bucks,Oklahoma City Thunder,W,133,86,51,8
Milwaukee Bucks,Charlotte Hornets,W,93,85,52,8
Milwaukee Bucks,Miami Heat,L,89,105,52,9
Milwaukee Bucks,Indiana Pacers,W,119,100,53,9
Milwaukee Bucks,Los Angeles Lakers,L,103,113,53,10
Milwaukee Bucks,Phoenix Suns,L,131,140,53,11
Milwaukee Bucks,Denver Nuggets,L,95,109,53,12
Indiana Pacers,Detroit Pistons,L,110,119,0,1
Indiana Pacers,Cleveland Cavaliers,L,99,110,0,2
Indiana Pacers,Detroit Pistons,L,94,96,0,3
Indiana Pacers,Brooklyn Nets,W,118,108,1,3
Indiana Pacers,Cleveland Cavaliers,W,102,95,2,3
Indiana Pacers,Chicago Bulls,W,108,95,3,3
Indiana Pacers,Charlotte Hornets,L,120,122,3,4
Indiana Pacers,Washington Wizards,W,121,106,4,4
Indiana Pacers,Detroit Pistons,W,112,106,5,4
Indiana Pacers,Orlando Magic,W,109,102,6,4
Indiana Pacers,Oklahoma City Thunder,W,111,85,7,4
Indiana Pacers,Houston Rockets,L,102,111,7,5
Indiana Pacers,Milwaukee Bucks,L,83,102,7,6
Indiana Pacers,Brooklyn Nets,W,115,86,8,6
Indiana Pacers,Orlando Magic,W,111,106,9,6
Indiana Pacers,Memphis Grizzlies,W,126,114,10,6
Indiana Pacers,Utah Jazz,W,121,102,11,6
Indiana Pacers,Atlanta Hawks,W,105,104,12,6
Indiana Pacers,Philadelphia 76ers,L,116,119,12,7
Indiana Pacers,Memphis Grizzlies,W,117,104,13,7
Indiana Pacers,Oklahoma City Thunder,W,107,100,14,7
Indiana Pacers,Detroit Pistons,L,101,108,14,8
Indiana Pacers,New York Knicks,W,104,103,15,8
Indiana Pacers,Los Angeles Clippers,L,99,110,15,9
Indiana Pacers,Boston Celtics,W,122,117,16,9
Indiana Pacers,Atlanta Hawks,W,110,100,17,9
Indiana Pacers,Charlotte Hornets,W,107,85,18,9
Indiana Pacers,Los Angeles Lakers,W,105,102,19,9
Indiana Pacers,Sacramento Kings,W,119,105,20,9
Indiana Pacers,Milwaukee Bucks,L,89,117,20,10
Indiana Pacers,Toronto Raptors,W,120,115,21,10
Indiana Pacers,Miami Heat,L,112,113,21,11
Indiana Pacers,New Orleans Pelicans,L,98,120,21,12
Indiana Pacers,Philadelphia 76ers,W,115,97,22,12
Indiana Pacers,Denver Nuggets,L,116,124,22,13
Indiana Pacers,Atlanta Hawks,L,111,116,22,14
Indiana Pacers,Charlotte Hornets,W,115,104,23,14
Indiana Pacers,Miami Heat,L,108,122,23,15
Indiana Pacers,Chicago Bulls,W,116,105,24,15
Indiana Pacers,Philadelphia 76ers,W,101,95,25,15
Indiana Pacers,Minnesota Timberwolves,W,104,99,26,15
Indiana Pacers,Minnesota Timberwolves,W,116,114,27,15
Indiana Pacers,Denver Nuggets,W,115,107,28,15
Indiana Pacers,Utah Jazz,L,88,118,28,16
Indiana Pacers,Phoenix Suns,W,112,87,29,16
Indiana Pacers,Golden State Warriors,W,129,118,30,16
Indiana Pacers,Portland Trail Blazers,L,129,139,30,17
Indiana Pacers,Chicago Bulls,W,115,106,31,17
Indiana Pacers,New York Knicks,L,85,92,31,18
Indiana Pacers,Dallas Mavericks,L,103,112,31,19
Indiana Pacers,Toronto Raptors,L,118,119,31,20
Indiana Pacers,Toronto Raptors,L,106,115,31,21
Indiana Pacers,New Orleans Pelicans,L,117,124,31,22
Indiana Pacers,Brooklyn Nets,L,105,106,31,23
Indiana Pacers,Milwaukee Bucks,W,118,111,32,23
Indiana Pacers,New York Knicks,W,106,98,33,23
Indiana Pacers,Toronto Raptors,L,81,127,33,24
Indiana Pacers,Charlotte Hornets,W,119,80,34,24
Indiana Pacers,Portland Trail Blazers,W,106,100,35,24
Indiana Pacers,Cleveland Cavaliers,W,113,104,36,24
Indiana Pacers,San Antonio Spurs,W,116,111,37,24
Indiana Pacers,Milwaukee Bucks,L,100,119,37,25
Indiana Pacers,Chicago Bulls,W,108,102,38,25
Indiana Pacers,Dallas Mavericks,W,112,109,39,25
Indiana Pacers,Boston Celtics,L,111,114,39,26
Chicago Bulls,Charlotte Hornets,L,125,126,0,1
Chicago Bulls,Memphis Grizzlies,W,110,102,1,1
Chicago Bulls,Toronto Raptors,L,84,108,1,2
Chicago Bulls,New York Knicks,L,98,105,1,3
Chicago Bulls,Cleveland Cavaliers,L,111,117,1,4
Chicago Bulls,Detroit Pistons,W,112,106,2,4
Chicago Bulls,Indiana Pacers,L,95,108,2,5
Chicago Bulls,Los Angeles Lakers,L,112,118,2,6
Chicago Bulls,Atlanta Hawks,W,113,93,3,6
Chicago Bulls,Houston Rockets,L,94,117,3,7
Chicago Bulls,New York Knicks,W,120,102,4,7
Chicago Bulls,Milwaukee Bucks,L,115,124,4,8
Chicago Bulls,Brooklyn Nets,L,111,117,4,9
Chicago Bulls,Milwaukee Bucks,L,101,115,4,10
Chicago Bulls,Detroit Pistons,W,109,89,5,10
Chicago Bulls,Miami Heat,L,108,116,5,11
Chicago Bulls,Charlotte Hornets,W,116,115,6,11
Chicago Bulls,Portland Trail Blazers,L,94,117,6,12
Chicago Bulls,Golden State Warriors,L,90,104,6,13
Chicago Bulls,Portland Trail Blazers,L,103,107,6,14
Chicago Bulls,Sacramento Kings,W,113,106,7,14
Chicago Bulls,Memphis Grizzlies,W,106,99,8,14
Chicago Bulls,Golden State Warriors,L,98,100,8,15
Chicago Bulls,Miami Heat,L,105,110,8,16
Chicago Bulls,Toronto Raptors,L,92,93,8,17
Chicago Bulls,Atlanta Hawks,W,136,102,9,17
Chicago Bulls,Charlotte Hornets,L,73,83,9,18
Chicago Bulls,Los Angeles Clippers,W,109,106,10,18
Chicago Bulls,Oklahoma City Thunder,L,106,109,10,19
Chicago Bulls,Washington Wizards,W,110,109,11,19
Chicago Bulls,Detroit Pistons,W,119,107,12,19
Chicago Bulls,Orlando Magic,L,95,103,12,20
Chicago Bulls,Atlanta Hawks,W,116,81,13,20
Chicago Bulls,Milwaukee Bucks,L,102,123,13,21
Chicago Bulls,Utah Jazz,L,98,102,13,22
Chicago Bulls,Boston Celtics,L,104,111,13,23
Chicago Bulls,Dallas Mavericks,L,110,118,13,24
Chicago Bulls,New Orleans Pelicans,L,108,123,13,25
Chicago Bulls,Indiana Pacers,L,105,116,13,26
Chicago Bulls,Detroit Pistons,W,108,99,14,26
Chicago Bulls,Boston Celtics,L,101,113,14,27
Chicago Bulls,Washington Wizards,W,115,106,15,27
Chicago Bulls,Philadelphia 76ers,L,89,100,15,28
Chicago Bulls,Cleveland Cavaliers,W,118,116,16,28
Chicago Bulls,Milwaukee Bucks,L,98,111,16,29
Chicago Bulls,Minnesota Timberwolves,W,117,110,17,29
Chicago Bulls,Sacramento Kings,L,81,98,17,30
Chicago Bulls,Cleveland Cavaliers,W,118,106,18,30
Chicago Bulls,San Antonio Spurs,W,110,109,19,30
Chicago Bulls,Indiana Pacers,L,106,115,19,31
Chicago Bulls,Brooklyn Nets,L,118,133,19,32
Chicago Bulls,Toronto Raptors,L,102,129,19,33
Chicago Bulls,New Orleans Pelicans,L,119,125,19,34
Chicago Bulls,Philadelphia 76ers,L,111,118,19,35
Chicago Bulls,Washington Wizards,L,114,126,19,36
Chicago Bulls,Charlotte Hornets,L,93,103,19,37
Chicago Bulls,Phoenix Suns,L,104,112,19,38
Chicago Bulls,Washington Wizards,W,126,117,20,38
Chicago Bulls,Oklahoma City Thunder,L,122,124,20,39
Chicago Bulls,New York Knicks,L,115,125,20,40
Chicago Bulls,Dallas Mavericks,W,109,107,21,40
Chicago Bulls,Minnesota Timberwolves,L,108,115,21,41
Chicago Bulls,Indiana Pacers,L,102,108,21,42
Chicago Bulls,Brooklyn Nets,L,107,110,21,43
Chicago Bulls,Cleveland Cavaliers,W,108,103,22,43
Detroit Pistons,Indiana Pacers,W,119,110,1,0
Detroit Pistons,Atlanta Hawks,L,100,117,1,1
Detroit Pistons,Philadelphia 76ers,L,111,117,1,2
Detroit Pistons,Indiana Pacers,W,96,94,2,2
Detroit Pistons,Toronto Raptors,L,113,125,2,3
Detroit Pistons,Chicago Bulls,L,106,112,2,4
Detroit Pistons,Brooklyn Nets,W,113,109,3,4
Detroit Pistons,Washington Wizards,L,99,115,3,5
Detroit Pistons,New York Knicks,W,122,102,4,5
Detroit Pistons,Indiana Pacers,L,106,112,4,6
Detroit Pistons,Minnesota Timberwolves,L,114,120,4,7
Detroit Pistons,Miami Heat,L,108,117,4,8
Detroit Pistons,Charlotte Hornets,L,106,109,4,9
Detroit Pistons,Chicago Bulls,L,89,109,4,10
Detroit Pistons,Atlanta Hawks,W,128,103,5,10
Detroit Pistons,Milwaukee Bucks,L,90,104,5,11
Detroit Pistons,Orlando Magic,W,103,88,6,11
Detroit Pistons,Charlotte Hornets,L,101,102,6,12
Detroit Pistons,Charlotte Hornets,L,107,110,6,13
Detroit Pistons,San Antonio Spurs,W,132,98,7,13
Detroit Pistons,Cleveland Cavaliers,W,127,94,8,13
Detroit Pistons,Milwaukee Bucks,L,103,127,8,14
Detroit Pistons,Indiana Pacers,W,108,101,9,14
Detroit Pistons,New Orleans Pelicans,W,105,103,10,14
Detroit Pistons,Dallas Mavericks,L,111,122,10,15
Detroit Pistons,Houston Rockets,W,115,107,11,15
Detroit Pistons,Washington Wizards,L,119,133,11,16
Detroit Pistons,Toronto Raptors,L,99,112,11,17
Detroit Pistons,Boston Celtics,L,93,114,11,18
Detroit Pistons,Chicago Bulls,L,107,119,11,19
Detroit Pistons,Philadelphia 76ers,L,109,125,11,20
Detroit Pistons,Washington Wizards,W,132,102,12,20
Detroit Pistons,San Antonio Spurs,L,109,136,12,21
Detroit Pistons,Utah Jazz,L,81,104,12,22
Detroit Pistons,Los Angeles Clippers,L,112,126,12,23
Detroit Pistons,Golden State Warriors,W,111,104,13,23
Detroit Pistons,Los Angeles Lakers,L,99,106,13,24
Detroit Pistons,Cleveland Cavaliers,W,115,113,14,24
Detroit Pistons,Cleveland Cavaliers,L,112,115,14,25
Detroit Pistons,Chicago Bulls,L,99,108,14,26
Detroit Pistons,New Orleans Pelicans,L,110,117,14,27
Detroit Pistons,Boston Celtics,W,116,103,15,27
Detroit Pistons,Atlanta Hawks,W,136,103,16,27
Detroit Pistons,Washington Wizards,L,100,106,16,28
Detroit Pistons,Sacramento Kings,W,127,106,17,28
Detroit Pistons,Memphis Grizzlies,L,112,125,17,29
Detroit Pistons,Brooklyn Nets,L,111,121,17,30
Detroit Pistons,Cleveland Cavaliers,L,100,115,17,31
Detroit Pistons,Brooklyn Nets,L,115,125,17,32
Detroit Pistons,Toronto Raptors,L,92,105,17,33
Detroit Pistons,Denver Nuggets,W,128,123,18,33
Detroit Pistons,Memphis Grizzlies,L,82,96,18,34
Detroit Pistons,Phoenix Suns,W,116,108,19,34
Detroit Pistons,Oklahoma City Thunder,L,101,108,19,35
Detroit Pistons,New York Knicks,L,92,95,19,36
Detroit Pistons,Charlotte Hornets,L,76,87,19,37
Detroit Pistons,Orlando Magic,L,112,116,19,38
Detroit Pistons,Milwaukee Bucks,L,106,126,19,39
Detroit Pistons,Portland Trail Blazers,L,104,107,19,40
Detroit Pistons,Denver Nuggets,L,98,115,19,41
Detroit Pistons,Phoenix Suns,W,113,111,20,41
Detroit Pistons,Sacramento Kings,L,100,106,20,42
Detroit Pistons,Oklahoma City Thunder,L,107,114,20,43
Detroit Pistons,Utah Jazz,L,105,111,20,44
Detroit Pistons,New York Knicks,L,84,96,20,45
Detroit Pistons,Philadelphia 76ers,L,106,124,20,46
Cleveland Cavaliers,Orlando Magic,L,85,94,0,1
Cleveland Cavaliers,Indiana Pacers,W,110,99,1,1
Cleveland Cavaliers,Milwaukee Bucks,L,112,129,1,2
Cleveland Cavaliers,Chicago Bulls,W,117,111,2,2
Cleveland Cavaliers,Indiana Pacers,L,95,102,2,3
Cleveland Cavaliers,Dallas Mavericks,L,111,131,2,4
Cleveland Cavaliers,Boston Celtics,L,113,119,2,5
Cleveland Cavaliers,Washington Wizards,W,113,100,3,5
Cleveland Cavaliers,New York Knicks,W,108,87,4,5
Cleveland Cavaliers,Philadelphia 76ers,L,97,98,4,6
Cleveland Cavaliers,Miami Heat,L,97,108,4,7
Cleveland Cavaliers,Philadelphia 76ers,L,95,114,4,8
Cleveland Cavaliers,New York Knicks,L,105,123,4,9
Cleveland Cavaliers,Miami Heat,L,100,124,4,10
Cleveland Cavaliers,Dallas Mavericks,L,101,143,4,11
Cleveland Cavaliers,Portland Trail Blazers,W,110,104,5,11
Cleveland Cavaliers,Brooklyn Nets,L,106,108,5,12
Cleveland Cavaliers,Orlando Magic,L,104,116,5,13
Cleveland Cavaliers,Milwaukee Bucks,L,110,119,5,14
Cleveland Cavaliers,Detroit Pistons,L,94,127,5,15
Cleveland Cavaliers,Orlando Magic,L,87,93,5,16
Cleveland Cavaliers,Philadelphia 76ers,L,94,141,5,17
Cleveland Cavaliers,Boston Celtics,L,88,110,5,18
Cleveland Cavaliers,Houston Rockets,L,110,116,5,19
Cleveland Cavaliers,San Antonio Spurs,W,117,109,6,19
Cleveland Cavaliers,Milwaukee Bucks,L,108,125,6,20
Cleveland Cavaliers,Toronto Raptors,L,113,133,6,21
Cleveland Cavaliers,Charlotte Hornets,W,100,98,7,21
Cleveland Cavaliers,Memphis Grizzlies,W,114,107,8,21
Cleveland Cavaliers,Atlanta Hawks,W,121,118,9,21
Cleveland Cavaliers,Boston Celtics,L,117,129,9,22
Cleveland Cavaliers,Minnesota Timberwolves,W,94,88,10,22
Cleveland Cavaliers,Toronto Raptors,L,97,117,10,23
Cleveland Cavaliers,Charlotte Hornets,L,106,109,10,24
Cleveland Cavaliers,Oklahoma City Thunder,L,106,121,10,25
Cleveland Cavaliers,Minnesota Timberwolves,L,103,118,10,26
Cleveland Cavaliers,Detroit Pistons,L,113,115,10,27
Cleveland Cavaliers,Detroit Pistons,W,115,112,11,27
Cleveland Cavaliers,Denver Nuggets,W,111,103,12,27
Cleveland Cavaliers,Los Angeles Lakers,L,99,128,12,28
Cleveland Cavaliers,Los Angeles Clippers,L,103,128,12,29
Cleveland Cavaliers,Memphis Grizzlies,L,109,113,12,30
Cleveland Cavaliers,Chicago Bulls,L,116,118,12,31
Cleveland Cavaliers,New York Knicks,L,86,106,12,32
Cleveland Cavaliers,Washington Wizards,L,112,124,12,33
Cleveland Cavaliers,Chicago Bulls,L,106,118,12,34
Cleveland Cavaliers,Detroit Pistons,W,115,100,13,34
Cleveland Cavaliers,New Orleans Pelicans,L,111,125,13,35
Cleveland Cavaliers,Toronto Raptors,L,109,115,13,36
Cleveland Cavaliers,Golden State Warriors,L,112,131,13,37
Cleveland Cavaliers,New York Knicks,L,134,139,13,38
Cleveland Cavaliers,Oklahoma City Thunder,L,103,109,13,39
Cleveland Cavaliers,Los Angeles Clippers,L,92,133,13,40
Cleveland Cavaliers,Atlanta Hawks,W,127,105,14,40
Cleveland Cavaliers,Washington Wizards,W,113,108,15,40
Cleveland Cavaliers,Miami Heat,L,105,124,15,41
Cleveland Cavaliers,Miami Heat,W,125,119,16,41
Cleveland Cavaliers,Philadelphia 76ers,W,108,94,17,41
Cleveland Cavaliers,New Orleans Pelicans,L,104,116,17,42
Cleveland Cavaliers,Indiana Pacers,L,104,113,17,43
Cleveland Cavaliers,Utah Jazz,L,113,126,17,44
Cleveland Cavaliers,Boston Celtics,L,106,112,17,45
Cleveland Cavaliers,Denver Nuggets,W,104,102,18,45
Cleveland Cavaliers,San Antonio Spurs,W,132,129,19,45
Cleveland Cavaliers,Chicago Bulls,L,103,108,19,46
Miami Heat,Memphis Grizzlies,W,120,101,1,0
Miami Heat,Milwaukee Bucks,W,131,126,2,0
Miami Heat,Minnesota Timberwolves,L,109,116,2,1
Miami Heat,Atlanta Hawks,W,112,97,3,1
Miami Heat,Atlanta Hawks,W,106,97,4,1
Miami Heat,Houston Rockets,W,129,100,5,1
Miami Heat,Denver Nuggets,L,89,109,5,2
Miami Heat,Phoenix Suns,W,124,108,6,2
Miami Heat,Los Angeles Lakers,L,80,95,6,3
Miami Heat,Detroit Pistons,W,117,108,7,3
Miami Heat,Cleveland Cavaliers,W,108,97,8,3
Miami Heat,New Orleans Pelicans,W,109,94,9,3
Miami Heat,Cleveland Cavaliers,W,124,100,10,3
Miami Heat,Chicago Bulls,W,116,108,11,3
Miami Heat,Philadelphia 76ers,L,86,113,11,4
Miami Heat,Charlotte Hornets,W,117,100,12,4
Miami Heat,Houston Rockets,L,108,117,12,5
Miami Heat,Golden State Warriors,W,122,105,13,5
Miami Heat,Brooklyn Nets,W,109,106,14,5
Miami Heat,Toronto Raptors,W,121,110,15,5
Miami Heat,Boston Celtics,L,93,112,15,6
Miami Heat,Washington Wizards,W,112,103,16,6
Miami Heat,Chicago Bulls,W,110,105,17,6
Miami Heat,Atlanta Hawks,W,135,121,18,6
Miami Heat,Los Angeles Lakers,L,110,113,18,7
Miami Heat,Dallas Mavericks,W,122,118,19,7
Miami Heat,Memphis Grizzlies,L,111,118,19,8
Miami Heat,Philadelphia 76ers,W,108,104,20,8
Miami Heat,New York Knicks,W,129,114,21,8
Miami Heat,Utah Jazz,W,107,104,22,8
Miami Heat,Indiana Pacers,W,113,112,23,8
Miami Heat,Philadelphia 76ers,W,117,116,24,8
Miami Heat,Washington Wizards,L,105,123,24,9
Miami Heat,Toronto Raptors,W,84,76,25,9
Miami Heat,Orlando Magic,L,85,105,25,10
Miami Heat,Portland Trail Blazers,W,122,111,26,10
Miami Heat,Indiana Pacers,W,122,108,27,10
Miami Heat,Brooklyn Nets,L,113,117,27,11
Miami Heat,New York Knicks,L,121,124,27,12
Miami Heat,San Antonio Spurs,W,106,100,28,12
Miami Heat,Oklahoma City Thunder,W,115,108,29,12
Miami Heat,San Antonio Spurs,L,102,107,29,13
Miami Heat,Sacramento Kings,W,118,113,30,13
Miami Heat,Washington Wizards,W,134,129,31,13
Miami Heat,Los Angeles Clippers,L,117,122,31,14
Miami Heat,Orlando Magic,W,113,92,32,14
Miami Heat,Boston Celtics,L,101,109,32,15
Miami Heat,Orlando Magic,W,102,89,33,15
Miami Heat,Philadelphia 76ers,W,137,106,34,15
Miami Heat,Los Angeles Clippers,L,111,128,34,16
Miami Heat,Sacramento Kings,L,97,105,34,17
Miami Heat,Portland Trail Blazers,L,109,115,34,18
Miami Heat,Golden State Warriors,W,113,101,35,18
Miami Heat,Utah Jazz,L,101,116,35,19
Miami Heat,Atlanta Hawks,L,124,129,35,20
Miami Heat,Cleveland Cavaliers,W,124,105,36,20
Miami Heat,Cleveland Cavaliers,L,119,125,36,21
Miami Heat,Minnesota Timberwolves,L,126,129,36,22
Miami Heat,Dallas Mavericks,W,126,118,37,22
Miami Heat,Brooklyn Nets,W,116,113,38,22
Miami Heat,Milwaukee Bucks,W,105,89,39,22
Miami Heat,Orlando Magic,W,116,113,40,22
Miami Heat,New Orleans Pelicans,L,104,110,40,23
Miami Heat,Washington Wizards,W,100,89,41,23
Miami Heat,Charlotte Hornets,L,98,109,41,24
Orlando Magic,Cleveland Cavaliers,W,94,85,1,0
Orlando Magic,Atlanta Hawks,L,99,103,1,1
Orlando Magic,Toronto Raptors,L,95,104,1,2
Orlando Magic,New York Knicks,W,95,83,2,2
Orlando Magic,Milwaukee Bucks,L,91,123,2,3
Orlando Magic,Denver Nuggets,L,87,91,2,4
Orlando Magic,Oklahoma City Thunder,L,94,102,2,5
Orlando Magic,Dallas Mavericks,L,106,107,2,6
Orlando Magic,Memphis Grizzlies,W,118,86,3,6
Orlando Magic,Indiana Pacers,L,102,109,3,7
Orlando Magic,Philadelphia 76ers,W,112,97,4,7
Orlando Magic,San Antonio Spurs,W,111,109,5,7
Orlando Magic,Washington Wizards,W,125,121,6,7
Orlando Magic,Toronto Raptors,L,97,113,6,8
Orlando Magic,Indiana Pacers,L,106,111,6,9
Orlando Magic,Detroit Pistons,L,88,103,6,10
Orlando Magic,Cleveland Cavaliers,W,116,104,7,10
Orlando Magic,Toronto Raptors,L,83,90,7,11
Orlando Magic,Golden State Warriors,W,100,96,8,11
Orlando Magic,Washington Wizards,W,127,120,9,11
Orlando Magic,Phoenix Suns,W,128,114,10,11
Orlando Magic,Cleveland Cavaliers,W,93,87,11,11
Orlando Magic,Milwaukee Bucks,L,101,110,11,12
Orlando Magic,Los Angeles Lakers,L,87,96,11,13
Orlando Magic,Houston Rockets,L,107,130,11,14
Orlando Magic,New Orleans Pelicans,W,130,119,12,14
Orlando Magic,Utah Jazz,L,102,109,12,15
Orlando Magic,Denver Nuggets,L,104,113,12,16
Orlando Magic,Portland Trail Blazers,L,103,118,12,17
Orlando Magic,Chicago Bulls,W,103,95,13,17
Orlando Magic,Philadelphia 76ers,W,98,97,14,17
Orlando Magic,Milwaukee Bucks,L,100,111,14,18
Orlando Magic,Atlanta Hawks,L,93,101,14,19
Orlando Magic,Washington Wizards,W,122,101,15,19
Orlando Magic,Miami Heat,W,105,85,16,19
Orlando Magic,Utah Jazz,L,96,109,16,20
Orlando Magic,Brooklyn Nets,W,101,89,17,20
Orlando Magic,Washington Wizards,W,123,89,18,20
Orlando Magic,Phoenix Suns,L,94,98,18,21
Orlando Magic,Sacramento Kings,W,114,112,19,21
Orlando Magic,Los Angeles Lakers,W,119,118,20,21
Orlando Magic,Los Angeles Clippers,L,95,122,20,22
Orlando Magic,Golden State Warriors,L,95,109,20,23
Orlando Magic,Charlotte Hornets,W,106,83,21,23
Orlando Magic,Oklahoma City Thunder,L,114,120,21,24
Orlando Magic,Boston Celtics,L,98,109,21,25
Orlando Magic,Los Angeles Clippers,L,97,112,21,26
Orlando Magic,Miami Heat,L,92,113,21,27
Orlando Magic,Miami Heat,L,89,102,21,28
Orlando Magic,Charlotte Hornets,W,112,100,22,28
Orlando Magic,Boston Celtics,L,100,116,22,29
Orlando Magic,New York Knicks,L,103,105,22,30
Orlando Magic,Milwaukee Bucks,L,95,111,22,31
Orlando Magic,Atlanta Hawks,W,135,126,23,31
Orlando Magic,Detroit Pistons,W,116,112,24,31
Orlando Magic,Dallas Mavericks,L,106,122,24,32
Orlando Magic,Brooklyn Nets,W,115,113,25,32
Orlando Magic,Atlanta Hawks,W,130,120,26,32
Orlando Magic,Minnesota Timberwolves,W,136,125,27,32
Orlando Magic,San Antonio Spurs,L,113,114,27,33
Orlando Magic,Portland Trail Blazers,L,107,130,27,34
Orlando Magic,Miami Heat,L,113,116,27,35
Orlando Magic,Minnesota Timberwolves,W,132,118,28,35
Orlando Magic,Houston Rockets,W,126,106,29,35
Orlando Magic,Memphis Grizzlies,W,120,115,30,35
Charlotte Hornets,Chicago Bulls,W,126,125,1,0
Charlotte Hornets,Minnesota Timberwolves,L,99,121,1,1
Charlotte Hornets,Los Angeles Lakers,L,101,120,1,2
Charlotte Hornets,Los Angeles Clippers,L,96,111,1,3
Charlotte Hornets,Sacramento Kings,W,118,111,2,3
Charlotte Hornets,Golden State Warriors,W,93,87,3,3
Charlotte Hornets,Indiana Pacers,W,122,120,4,3
Charlotte Hornets,Boston Celtics,L,87,108,4,4
Charlotte Hornets,New Orleans Pelicans,L,110,115,4,5
Charlotte Hornets,Philadelphia 76ers,L,106,114,4,6
Charlotte Hornets,Memphis Grizzlies,L,117,119,4,7
Charlotte Hornets,Detroit Pistons,W,109,106,5,7
Charlotte Hornets,New York Knicks,W,103,102,6,7
Charlotte Hornets,Toronto Raptors,L,96,132,6,8
Charlotte Hornets,Brooklyn Nets,L,91,101,6,9
Charlotte Hornets,Washington Wizards,L,118,125,6,10
Charlotte Hornets,Chicago Bulls,L,115,116,6,11
Charlotte Hornets,Miami Heat,L,100,117,6,12
Charlotte Hornets,Detroit Pistons,W,102,101,7,12
Charlotte Hornets,Detroit Pistons,W,110,107,8,12
Charlotte Hornets,Milwaukee Bucks,L,96,137,8,13
Charlotte Hornets,Phoenix Suns,L,104,109,8,14
Charlotte Hornets,Golden State Warriors,W,106,91,9,14
Charlotte Hornets,Brooklyn Nets,L,104,111,9,15
Charlotte Hornets,Atlanta Hawks,L,107,122,9,16
Charlotte Hornets,Washington Wizards,W,114,107,10,16
Charlotte Hornets,Brooklyn Nets,W,113,108,11,16
Charlotte Hornets,Chicago Bulls,W,83,73,12,16
Charlotte Hornets,Indiana Pacers,L,85,107,12,17
Charlotte Hornets,Sacramento Kings,W,110,102,13,17
Charlotte Hornets,Cleveland Cavaliers,L,98,100,13,18
Charlotte Hornets,Utah Jazz,L,107,114,13,19
Charlotte Hornets,Boston Celtics,L,93,119,13,20
Charlotte Hornets,Oklahoma City Thunder,L,102,104,13,21
Charlotte Hornets,Memphis Grizzlies,L,104,117,13,22
Charlotte Hornets,Boston Celtics,L,92,109,13,23
Charlotte Hornets,Cleveland Cavaliers,W,109,106,14,23
Charlotte Hornets,Dallas Mavericks,W,123,120,15,23
Charlotte Hornets,Indiana Pacers,L,104,115,15,24
Charlotte Hornets,Toronto Raptors,L,110,112,15,25
Charlotte Hornets,Utah Jazz,L,92,109,15,26
Charlotte Hornets,Phoenix Suns,L,92,100,15,27
Charlotte Hornets,Portland Trail Blazers,L,112,115,15,28
Charlotte Hornets,Denver Nuggets,L,86,100,15,29
Charlotte Hornets,Orlando Magic,L,83,106,15,30
Charlotte Hornets,Milwaukee Bucks,L,103,116,15,31
Charlotte Hornets,New York Knicks,W,97,92,16,31
Charlotte Hornets,Washington Wizards,L,107,121,16,32
Charlotte Hornets,San Antonio Spurs,L,90,114,16,33
Charlotte Hornets,Orlando Magic,L,100,112,16,34
Charlotte Hornets,Houston Rockets,L,110,125,16,35
Charlotte Hornets,Dallas Mavericks,L,100,116,16,36
Charlotte Hornets,Detroit Pistons,W,87,76,17,36
Charlotte Hornets,Minnesota Timberwolves,W,115,108,18,36
Charlotte Hornets,Chicago Bulls,W,103,93,19,36
Charlotte Hornets,Brooklyn Nets,L,86,115,19,37
Charlotte Hornets,Indiana Pacers,L,80,119,19,38
Charlotte Hornets,New York Knicks,W,107,101,20,38
Charlotte Hornets,Toronto Raptors,W,99,96,21,38
Charlotte Hornets,Milwaukee Bucks,L,85,93,21,39
Charlotte Hornets,San Antonio Spurs,L,103,104,21,40
Charlotte Hornets,Denver Nuggets,L,112,114,21,41
Charlotte Hornets,Houston Rockets,W,108,99,22,41
Charlotte Hornets,Atlanta Hawks,L,138,143,22,42
Charlotte Hornets,Miami Heat,W,109,98,23,42
Washington Wizards,Dallas Mavericks,L,100,108,0,1
Washington Wizards,Oklahoma City Thunder,W,97,85,1,1
Washington Wizards,San Antonio Spurs,L,122,124,1,2
Washington Wizards,Houston Rockets,L,158,159,1,3
Washington Wizards,Minnesota Timberwolves,L,109,131,1,4
Washington Wizards,Detroit Pistons,W,115,99,2,4
Washington Wizards,Indiana Pacers,L,106,121,2,5
Washington Wizards,Cleveland Cavaliers,L,100,113,2,6
Washington Wizards,Boston Celtics,L,133,140,2,7
Washington Wizards,Minnesota Timberwolves,W,137,116,3,7
Washington Wizards,Orlando Magic,L,121,125,3,8
Washington Wizards,San Antonio Spurs,W,138,132,4,8
Washington Wizards,Charlotte Hornets,W,125,118,5,8
Washington Wizards,Sacramento Kings,L,106,113,5,9
Washington Wizards,Denver Nuggets,L,104,117,5,10
Washington Wizards,Phoenix Suns,W,140,132,6,10
Washington Wizards,Los Angeles Lakers,L,103,125,6,11
Washington Wizards,Los Angeles Clippers,L,125,150,6,12
Washington Wizards,Orlando Magic,L,120,127,6,13
Washington Wizards,Philadelphia 76ers,W,119,113,7,13
Washington Wizards,Miami Heat,L,103,112,7,14
Washington Wizards,Los Angeles Clippers,L,119,135,7,15
Washington Wizards,Charlotte Hornets,L,107,114,7,16
Washington Wizards,Memphis Grizzlies,L,111,128,7,17
Washington Wizards,Detroit Pistons,W,133,119,8,17
Washington Wizards,Chicago Bulls,L,109,110,8,18
Washington Wizards,Toronto Raptors,L,118,122,8,19
Washington Wizards,Philadelphia 76ers,L,108,125,8,20
Washington Wizards,New York Knicks,W,121,115,9,20
Washington Wizards,Detroit Pistons,L,102,132,9,21
Washington Wizards,New York Knicks,L,100,107,9,22
Washington Wizards,Miami Heat,W,123,105,10,22
Washington Wizards,Orlando Magic,L,101,122,10,23
Washington Wizards,Portland Trail Blazers,L,103,122,10,24
Washington Wizards,Denver Nuggets,W,128,114,11,24
Washington Wizards,Boston Celtics,W,99,94,12,24
Washington Wizards,Orlando Magic,L,89,123,12,25
Washington Wizards,Atlanta Hawks,W,111,101,13,25
Washington Wizards,Utah Jazz,L,116,127,13,26
Washington Wizards,Chicago Bulls,L,106,115,13,27
Washington Wizards,Toronto Raptors,L,111,140,13,28
Washington Wizards,Detroit Pistons,W,106,100,14,28
Washington Wizards,Miami Heat,L,129,134,14,29
Washington Wizards,Cleveland Cavaliers,W,124,112,15,29
Washington Wizards,Atlanta Hawks,L,133,152,15,30
Washington Wizards,Milwaukee Bucks,L,131,151,15,31
Washington Wizards,Charlotte Hornets,W,121,107,16,31
Washington Wizards,Brooklyn Nets,W,113,107,17,31
Washington Wizards,Golden State Warriors,L,117,125,17,32
Washington Wizards,Dallas Mavericks,W,119,118,18,32
Washington Wizards,Memphis Grizzlies,L,99,106,18,33
Washington Wizards,Chicago Bulls,W,126,114,19,33
Washington Wizards,New York Knicks,W,114,96,20,33
Washington Wizards,Cleveland Cavaliers,L,108,113,20,34
Washington Wizards,Chicago Bulls,L,117,126,20,35
Washington Wizards,Milwaukee Bucks,L,134,137,20,36
Washington Wizards,Brooklyn Nets,W,110,106,21,36
Washington Wizards,Utah Jazz,L,119,129,21,37
Washington Wizards,Golden State Warriors,W,124,110,22,37
Washington Wizards,Sacramento Kings,L,126,133,22,38
Washington Wizards,Portland Trail Blazers,L,104,125,22,39
Washington Wizards,Atlanta Hawks,W,118,112,23,39
Washington Wizards,Miami Heat,L,89,100,23,40
Washington Wizards,New York Knicks,W,122,115,24,40
Atlanta Hawks,Detroit Pistons,W,117,100,1,0
Atlanta Hawks,Orlando Magic,W,103,99,2,0
Atlanta Hawks,Philadelphia 76ers,L,103,105,2,1
Atlanta Hawks,Miami Heat,L,97,112,2,2
Atlanta Hawks,Miami Heat,L,97,106,2,3
Atlanta Hawks,San Antonio Spurs,W,108,100,3,3
Atlanta Hawks,Chicago Bulls,L,93,113,3,4
Atlanta Hawks,Sacramento Kings,L,109,121,3,5
Atlanta Hawks,Portland Trail Blazers,L,113,124,3,6
Atlanta Hawks,Denver Nuggets,W,125,121,4,6
Atlanta Hawks,Phoenix Suns,L,112,128,4,7
Atlanta Hawks,Los Angeles Clippers,L,101,150,4,8
Atlanta Hawks,Los Angeles Lakers,L,101,122,4,9
Atlanta Hawks,Milwaukee Bucks,L,127,135,4,10
Atlanta Hawks,Detroit Pistons,L,103,128,4,11
Atlanta Hawks,Toronto Raptors,L,116,119,4,12
Atlanta Hawks,Minnesota Timberwolves,L,113,125,4,13
Atlanta Hawks,Milwaukee Bucks,L,102,111,4,14
Atlanta Hawks,Indiana Pacers,L,104,105,4,15
Atlanta Hawks,Houston Rockets,L,111,158,4,16
Atlanta Hawks,Golden State Warriors,W,104,79,5,16
Atlanta Hawks,Brooklyn Nets,L,118,130,5,17
Atlanta Hawks,Charlotte Hornets,W,122,107,6,17
Atlanta Hawks,Miami Heat,L,121,135,6,18
Atlanta Hawks,Chicago Bulls,L,102,136,6,19
Atlanta Hawks,Indiana Pacers,L,100,110,6,20
Atlanta Hawks,Los Angeles Lakers,L,96,101,6,21
Atlanta Hawks,New York Knicks,L,120,143,6,22
Atlanta Hawks,Utah Jazz,L,106,111,6,23
Atlanta Hawks,Brooklyn Nets,L,112,122,6,24
Atlanta Hawks,Cleveland Cavaliers,L,118,121,6,25
Atlanta Hawks,Milwaukee Bucks,L,86,112,6,26
Atlanta Hawks,Chicago Bulls,L,81,116,6,27
Atlanta Hawks,Orlando Magic,W,101,93,7,27
Atlanta Hawks,Boston Celtics,L,106,109,7,28
Atlanta Hawks,Indiana Pacers,W,116,111,8,28
Atlanta Hawks,Denver Nuggets,L,115,123,8,29
Atlanta Hawks,Houston Rockets,L,115,122,8,30
Atlanta Hawks,Washington Wizards,L,101,111,8,31
Atlanta Hawks,Brooklyn Nets,L,86,108,8,32
Atlanta Hawks,Phoenix Suns,W,123,110,9,32
Atlanta Hawks,San Antonio Spurs,W,121,120,10,32
Atlanta Hawks,Detroit Pistons,L,103,136,10,33
Atlanta Hawks,Toronto Raptors,L,117,122,10,34
Atlanta Hawks,Los Angeles Clippers,W,102,95,11,34
Atlanta Hawks,Oklahoma City Thunder,L,111,140,11,35
Atlanta Hawks,Washington Wizards,W,152,133,12,35
Atlanta Hawks,Toronto Raptors,L,114,130,12,36
Atlanta Hawks,Philadelphia 76ers,W,127,117,13,36
Atlanta Hawks,Dallas Mavericks,L,100,123,13,37
Atlanta Hawks,Boston Celtics,L,115,123,13,38
Atlanta Hawks,Minnesota Timberwolves,W,127,120,14,38
Atlanta Hawks,Boston Celtics,L,107,112,14,39
Atlanta Hawks,New York Knicks,W,140,135,15,39
Atlanta Hawks,Orlando Magic,L,126,135,15,40
Atlanta Hawks,Cleveland Cavaliers,L,105,127,15,41
Atlanta Hawks,Miami Heat,W,129,124,16,41
Atlanta Hawks,Dallas Mavericks,W,111,107,17,41
Atlanta Hawks,Philadelphia 76ers,L,112,129,17,42
Atlanta Hawks,Orlando Magic,L,120,130,17,43
Atlanta Hawks,Brooklyn Nets,W,141,118,18,43
Atlanta Hawks,Portland Trail Blazers,W,129,117,19,43
Atlanta Hawks,Memphis Grizzlies,L,88,127,19,44
Atlanta Hawks,Washington Wizards,L,112,118,19,45
Atlanta Hawks,Memphis Grizzlies,L,101,118,19,46
Atlanta Hawks,Charlotte Hornets,W,143,138,20,46
Atlanta Hawks,New York Knicks,L,131,136,20,47
Denver Nuggets,Portland Trail Blazers,W,108,100,1,0
Denver Nuggets,Phoenix Suns,W,108,107,2,0
Denver Nuggets,Sacramento Kings,W,101,94,3,0
Denver Nuggets,Dallas Mavericks,L,106,109,3,1
Denver Nuggets,New Orleans Pelicans,L,107,122,3,2
Denver Nuggets,Orlando Magic,W,91,87,4,2
Denver Nuggets,Miami Heat,W,109,89,5,2
Denver Nuggets,Philadelphia 76ers,W,100,97,6,2
Denver Nuggets,Minnesota Timberwolves,W,100,98,7,2
Denver Nuggets,Atlanta Hawks,L,121,125,7,3
Denver Nuggets,Brooklyn Nets,W,101,93,8,3
Denver Nuggets,Memphis Grizzlies,W,131,114,9,3
Denver Nuggets,Houston Rockets,W,105,95,10,3
Denver Nuggets,Boston Celtics,W,96,92,11,3
Denver Nuggets,Phoenix Suns,W,116,104,12,3
Denver Nuggets,Washington Wizards,W,117,104,13,3
Denver Nuggets,Sacramento Kings,L,97,100,13,4
Denver Nuggets,Los Angeles Lakers,L,96,105,13,5
Denver Nuggets,New York Knicks,W,129,92,14,5
Denver Nuggets,Boston Celtics,L,95,108,14,6
Denver Nuggets,Brooklyn Nets,L,102,105,14,7
Denver Nuggets,Philadelphia 76ers,L,92,97,14,8
Denver Nuggets,Portland Trail Blazers,W,114,99,15,8
Denver Nuggets,Oklahoma City Thunder,W,110,102,16,8
Denver Nuggets,New York Knicks,W,111,105,17,8
Denver Nuggets,Orlando Magic,W,113,104,18,8
Denver Nuggets,Minnesota Timberwolves,W,109,100,19,8
Denver Nuggets,Los Angeles Lakers,W,128,104,20,8
Denver Nuggets,Phoenix Suns,W,113,111,21,8
Denver Nuggets,New Orleans Pelicans,L,100,112,21,9
Denver Nuggets,Memphis Grizzlies,W,119,110,22,9
Denver Nuggets,Sacramento Kings,W,120,115,23,9
Denver Nuggets,Houston Rockets,L,104,130,23,10
Denver Nuggets,Indiana Pacers,W,124,116,24,10
Denver Nuggets,Washington Wizards,L,114,128,24,11
Denver Nuggets,Atlanta Hawks,W,123,115,25,11
Denver Nuggets,Dallas Mavericks,W,107,106,26,11
Denver Nuggets,Cleveland Cavaliers,L,103,111,26,12
Denver Nuggets,Los Angeles Clippers,W,114,104,27,12
Denver Nuggets,Charlotte Hornets,W,100,86,28,12
Denver Nuggets,Golden State Warriors,W,134,131,29,12
Denver Nuggets,Indiana Pacers,L,107,115,29,13
Denver Nuggets,Minnesota Timberwolves,W,107,100,30,13
Denver Nuggets,Houston Rockets,L,105,121,30,14
Denver Nuggets,New Orleans Pelicans,W,113,106,31,14
Denver Nuggets,Houston Rockets,W,117,110,32,14
Denver Nuggets,Memphis Grizzlies,L,96,104,32,15
Denver Nuggets,Utah Jazz,W,106,100,33,15
Denver Nuggets,Milwaukee Bucks,W,127,115,34,15
Denver Nuggets,Detroit Pistons,L,123,128,34,16
Denver Nuggets,Portland Trail Blazers,W,127,99,35,16
Denver Nuggets,Utah Jazz,W,98,95,36,16
Denver Nuggets,Phoenix Suns,W,117,108,37,16
Denver Nuggets,San Antonio Spurs,W,127,120,38,16
Denver Nuggets,Los Angeles Lakers,L,116,120,38,17
Denver Nuggets,Oklahoma City Thunder,L,101,113,38,18
Denver Nuggets,Minnesota Timberwolves,W,128,116,39,18
Denver Nuggets,Detroit Pistons,W,115,98,40,18
Denver Nuggets,Los Angeles Clippers,L,103,132,40,19
Denver Nuggets,Toronto Raptors,W,133,118,41,19
Denver Nuggets,Golden State Warriors,L,100,116,41,20
Denver Nuggets,Charlotte Hornets,W,114,112,42,20
Denver Nuggets,Cleveland Cavaliers,L,102,104,42,21
Denver Nuggets,Milwaukee Bucks,W,109,95,43,21
Denver Nuggets,Dallas Mavericks,L,97,113,43,22
Oklahoma City Thunder,Utah Jazz,L,95,100,0,1
Oklahoma City Thunder,Washington Wizards,L,85,97,0,2
Oklahoma City Thunder,Golden State Warriors,W,120,92,1,2
Oklahoma City Thunder,Houston Rockets,L,112,116,1,3
Oklahoma City Thunder,Portland Trail Blazers,L,99,102,1,4
Oklahoma City Thunder,New Orleans Pelicans,W,115,104,2,4
Oklahoma City Thunder,Orlando Magic,W,102,94,3,4
Oklahoma City Thunder,San Antonio Spurs,L,112,121,3,5
Oklahoma City Thunder,Golden State Warriors,W,114,108,4,5
Oklahoma City Thunder,Milwaukee Bucks,L,119,121,4,6
Oklahoma City Thunder,Indiana Pacers,L,85,111,4,7
Oklahoma City Thunder,Philadelphia 76ers,W,127,119,5,7
Oklahoma City Thunder,Los Angeles Clippers,L,88,90,5,8
Oklahoma City Thunder,Los Angeles Lakers,L,107,112,5,9
Oklahoma City Thunder,Los Angeles Lakers,L,127,130,5,10
Oklahoma City Thunder,Golden State Warriors,W,100,97,6,10
Oklahoma City Thunder,Portland Trail Blazers,L,119,136,6,11
Oklahoma City Thunder,New Orleans Pelicans,W,109,104,7,11
Oklahoma City Thunder,New Orleans Pelicans,W,107,104,8,11
Oklahoma City Thunder,Indiana Pacers,L,100,107,8,12
Oklahoma City Thunder,Minnesota Timberwolves,W,139,127,9,12
Oklahoma City Thunder,Portland Trail Blazers,W,108,96,10,12
Oklahoma City Thunder,Utah Jazz,W,104,90,11,12
Oklahoma City Thunder,Sacramento Kings,L,93,94,11,13
Oklahoma City Thunder,Denver Nuggets,L,102,110,11,14
Oklahoma City Thunder,Chicago Bulls,W,109,106,12,14
Oklahoma City Thunder,Memphis Grizzlies,W,126,122,13,14
Oklahoma City Thunder,Phoenix Suns,W,126,108,14,14
Oklahoma City Thunder,Los Angeles Clippers,W,118,112,15,14
Oklahoma City Thunder,Memphis Grizzlies,L,97,110,15,15
Oklahoma City Thunder,Charlotte Hornets,W,104,102,16,15
Oklahoma City Thunder,Toronto Raptors,W,98,97,17,15
Oklahoma City Thunder,Dallas Mavericks,W,106,101,18,15
Oklahoma City Thunder,San Antonio Spurs,W,109,103,19,15
Oklahoma City Thunder,Cleveland Cavaliers,W,121,106,20,15
Oklahoma City Thunder,Philadelphia 76ers,L,113,120,20,16
Oklahoma City Thunder,Brooklyn Nets,W,111,103,21,16
Oklahoma City Thunder,Houston Rockets,W,113,92,22,16
Oklahoma City Thunder,Los Angeles Lakers,L,110,125,22,17
Oklahoma City Thunder,Minnesota Timberwolves,W,117,104,23,17
Oklahoma City Thunder,Toronto Raptors,L,121,130,23,18
Oklahoma City Thunder,Miami Heat,L,108,115,23,19
Oklahoma City Thunder,Portland Trail Blazers,W,119,106,24,19
Oklahoma City Thunder,Houston Rockets,W,112,107,25,19
Oklahoma City Thunder,Orlando Magic,W,120,114,26,19
Oklahoma City Thunder,Atlanta Hawks,W,140,111,27,19
Oklahoma City Thunder,Minnesota Timberwolves,W,113,104,28,19
Oklahoma City Thunder,Dallas Mavericks,L,97,107,28,20
Oklahoma City Thunder,Sacramento Kings,W,120,100,29,20
Oklahoma City Thunder,Phoenix Suns,W,111,107,30,20
Oklahoma City Thunder,Cleveland Cavaliers,W,109,103,31,20
Oklahoma City Thunder,Detroit Pistons,W,108,101,32,20
Oklahoma City Thunder,Boston Celtics,L,111,112,32,21
Oklahoma City Thunder,San Antonio Spurs,L,106,114,32,22
Oklahoma City Thunder,New Orleans Pelicans,W,123,118,33,22
Oklahoma City Thunder,Denver Nuggets,W,113,101,34,22
Oklahoma City Thunder,San Antonio Spurs,W,131,103,35,22
Oklahoma City Thunder,Chicago Bulls,W,124,122,36,22
Oklahoma City Thunder,Sacramento Kings,W,112,108,37,22
Oklahoma City Thunder,Milwaukee Bucks,L,86,133,37,23
Oklahoma City Thunder,Los Angeles Clippers,L,94,109,37,24
Oklahoma City Thunder,Detroit Pistons,W,114,107,38,24
Oklahoma City Thunder,New York Knicks,W,126,103,39,24
Oklahoma City Thunder,Boston Celtics,W,105,104,40,24
Utah Jazz,Oklahoma City Thunder,W,100,95,1,0
Utah Jazz,Los Angeles Lakers,L,86,95,1,1
Utah Jazz,Sacramento Kings,W,113,81,2,1
Utah Jazz,Phoenix Suns,W,96,95,3,1
Utah Jazz,Los Angeles Clippers,W,110,96,4,1
Utah Jazz,Sacramento Kings,L,101,102,4,2
Utah Jazz,Los Angeles Clippers,L,94,105,4,3
Utah Jazz,Philadelphia 76ers,W,106,104,5,3
Utah Jazz,Milwaukee Bucks,W,103,100,6,3
Utah Jazz,Golden State Warriors,W,122,108,7,3
Utah Jazz,Brooklyn Nets,W,119,114,8,3
Utah Jazz,Memphis Grizzlies,L,106,107,8,4
Utah Jazz,Minnesota Timberwolves,L,102,112,8,5
Utah Jazz,Minnesota Timberwolves,W,103,95,9,5
Utah Jazz,Golden State Warriors,W,113,109,10,5
Utah Jazz,New Orleans Pelicans,W,128,120,11,5
Utah Jazz,Milwaukee Bucks,L,118,122,11,6
Utah Jazz,Indiana Pacers,L,102,121,11,7
Utah Jazz,Memphis Grizzlies,W,103,94,12,7
Utah Jazz,Toronto Raptors,L,110,130,12,8
Utah Jazz,Philadelphia 76ers,L,94,103,12,9
Utah Jazz,Los Angeles Lakers,L,96,121,12,10
Utah Jazz,Memphis Grizzlies,W,126,112,13,10
Utah Jazz,Oklahoma City Thunder,L,90,104,13,11
Utah Jazz,Minnesota Timberwolves,W,127,116,14,11
Utah Jazz,Golden State Warriors,W,114,106,15,11
Utah Jazz,Orlando Magic,W,109,102,16,11
Utah Jazz,Atlanta Hawks,W,111,106,17,11
Utah Jazz,Charlotte Hornets,W,114,107,18,11
Utah Jazz,Miami Heat,L,104,107,18,12
Utah Jazz,Portland Trail Blazers,W,121,115,19,12
Utah Jazz,Los Angeles Clippers,W,120,107,20,12
Utah Jazz,Detroit Pistons,W,104,81,21,12
Utah Jazz,Chicago Bulls,W,102,98,22,12
Utah Jazz,Orlando Magic,W,109,96,23,12
Utah Jazz,New Orleans Pelicans,W,128,126,24,12
Utah Jazz,New York Knicks,W,128,104,25,12
Utah Jazz,Charlotte Hornets,W,109,92,26,12
Utah Jazz,Washington Wizards,W,127,116,27,12
Utah Jazz,Brooklyn Nets,W,118,107,28,12
Utah Jazz,New Orleans Pelicans,L,132,138,28,13
Utah Jazz,Sacramento Kings,W,123,101,29,13
Utah Jazz,Indiana Pacers,W,118,88,30,13
Utah Jazz,Golden State Warriors,W,129,96,31,13
Utah Jazz,Dallas Mavericks,W,112,107,32,13
Utah Jazz,Houston Rockets,L,117,126,32,14
Utah Jazz,San Antonio Spurs,L,120,127,32,15
Utah Jazz,Denver Nuggets,L,100,106,32,16
Utah Jazz,Portland Trail Blazers,L,107,124,32,17
Utah Jazz,Denver Nuggets,L,95,98,32,18
Utah Jazz,Portland Trail Blazers,W,117,114,33,18
Utah Jazz,Houston Rockets,W,114,113,34,18
Utah Jazz,Dallas Mavericks,W,123,119,35,18
Utah Jazz,Miami Heat,W,116,101,36,18
Utah Jazz,San Antonio Spurs,L,104,113,36,19
Utah Jazz,Houston Rockets,L,110,120,36,20
Utah Jazz,Phoenix Suns,L,111,131,36,21
Utah Jazz,Boston Celtics,L,103,114,36,22
Utah Jazz,Washington Wizards,W,129,119,37,22
Utah Jazz,Cleveland Cavaliers,W,126,113,38,22
Utah Jazz,New York Knicks,W,112,104,39,22
Utah Jazz,Boston Celtics,W,99,94,40,22
Utah Jazz,Detroit Pistons,W,111,105,41,22
Utah Jazz,Toronto Raptors,L,92,101,41,23
Portland Trail Blazers,Denver Nuggets,L,100,108,0,1
Portland Trail Blazers,Sacramento Kings,W,122,112,1,1
Portland Trail Blazers,Dallas Mavericks,W,121,119,2,1
Portland Trail Blazers,San Antonio Spurs,L,110,113,2,2
Portland Trail Blazers,Oklahoma City Thunder,W,102,99,3,2
Portland Trail Blazers,Philadelphia 76ers,L,128,129,3,3
Portland Trail Blazers,Golden State Warriors,L,118,127,3,4
Portland Trail Blazers,Los Angeles Clippers,L,101,107,3,5
Portland Trail Blazers,Brooklyn Nets,L,115,119,3,6
Portland Trail Blazers,Atlanta Hawks,W,124,113,4,6
Portland Trail Blazers,Sacramento Kings,L,99,107,4,7
Portland Trail Blazers,Toronto Raptors,L,106,114,4,8
Portland Trail Blazers,San Antonio Spurs,W,121,116,5,8
Portland Trail Blazers,Houston Rockets,L,108,132,5,9
Portland Trail Blazers,New Orleans Pelicans,L,104,115,5,10
Portland Trail Blazers,Milwaukee Bucks,L,129,137,5,11
Portland Trail Blazers,Cleveland Cavaliers,L,104,110,5,12
Portland Trail Blazers,Chicago Bulls,W,117,94,6,12
Portland Trail Blazers,Oklahoma City Thunder,W,136,119,7,12
Portland Trail Blazers,Chicago Bulls,W,107,103,8,12
Portland Trail Blazers,Los Angeles Clippers,L,97,117,8,13
Portland Trail Blazers,Sacramento Kings,W,127,116,9,13
Portland Trail Blazers,Los Angeles Lakers,L,113,136,9,14
Portland Trail Blazers,Oklahoma City Thunder,L,96,108,9,15
Portland Trail Blazers,New York Knicks,W,115,87,10,15
Portland Trail Blazers,Denver Nuggets,L,99,114,10,16
Portland Trail Blazers,Phoenix Suns,W,111,110,11,16
Portland Trail Blazers,Golden State Warriors,W,122,112,12,16
Portland Trail Blazers,Orlando Magic,W,118,103,13,16
Portland Trail Blazers,Minnesota Timberwolves,W,113,106,14,16
Portland Trail Blazers,New Orleans Pelicans,L,94,102,14,17
Portland Trail Blazers,Utah Jazz,L,115,121,14,18
Portland Trail Blazers,Los Angeles Lakers,L,120,128,14,19
Portland Trail Blazers,Phoenix Suns,L,116,122,14,20
Portland Trail Blazers,New York Knicks,L,93,117,14,21
Portland Trail Blazers,Washington Wizards,W,122,103,15,21
Portland Trail Blazers,Miami Heat,L,111,122,15,22
Portland Trail Blazers,Toronto Raptors,W,101,99,16,22
Portland Trail Blazers,Minnesota Timberwolves,L,102,116,16,23
Portland Trail Blazers,Milwaukee Bucks,L,101,122,16,24
Portland Trail Blazers,Charlotte Hornets,W,115,112,17,24
Portland Trail Blazers,Houston Rockets,W,117,107,18,24
Portland Trail Blazers,Dallas Mavericks,L,112,120,18,25
Portland Trail Blazers,Oklahoma City Thunder,L,106,119,18,26
Portland Trail Blazers,Golden State Warriors,W,129,124,19,26
Portland Trail Blazers,Dallas Mavericks,L,125,133,19,27
Portland Trail Blazers,Indiana Pacers,W,139,129,20,27
Portland Trail Blazers,Houston Rockets,W,125,112,21,27
Portland Trail Blazers,Los Angeles Lakers,W,127,119,22,27
Portland Trail Blazers,Utah Jazz,W,124,107,23,27
Portland Trail Blazers,Denver Nuggets,L,99,127,23,28
Portland Trail Blazers,San Antonio Spurs,W,125,117,24,28
Portland Trail Blazers,Utah Jazz,L,114,117,24,29
Portland Trail Blazers,Miami Heat,W,115,109,25,29
Portland Trail Blazers,New Orleans Pelicans,L,117,138,25,30
Portland Trail Blazers,Memphis Grizzlies,L,104,111,25,31
Portland Trail Blazers,New Orleans Pelicans,L,115,128,25,32
Portland Trail Blazers,Detroit Pistons,W,107,104,26,32
Portland Trail Blazers,Boston Celtics,L,106,118,26,33
Portland Trail Blazers,Indiana Pacers,L,100,106,26,34
Portland Trail Blazers,Atlanta Hawks,L,117,129,26,35
Portland Trail Blazers,Orlando Magic,W,130,107,27,35
Portland Trail Blazers,Washington Wizards,W,125,104,28,35
Portland Trail Blazers,Phoenix Suns,L,117,127,28,36
Portland Trail Blazers,Sacramento Kings,L,111,123,28,37
Portland Trail Blazers,Phoenix Suns,W,121,105,29,37
Minnesota Timberwolves,Brooklyn Nets,W,127,126,1,0
Minnesota Timberwolves,Charlotte Hornets,W,121,99,2,0
Minnesota Timberwolves,Miami Heat,W,116,109,3,0
Minnesota Timberwolves,Philadelphia 76ers,L,95,117,3,1
Minnesota Timberwolves,Washington Wizards,W,131,109,4,1
Minnesota Timberwolves,Milwaukee Bucks,L,106,134,4,2
Minnesota Timberwolves,Memphis Grizzlies,L,121,137,4,3
Minnesota Timberwolves,Golden State Warriors,W,125,119,5,3
Minnesota Timberwolves,Denver Nuggets,L,98,100,5,4
Minnesota Timberwolves,Detroit Pistons,W,120,114,6,4
Minnesota Timberwolves,San Antonio Spurs,W,129,114,7,4
Minnesota Timberwolves,Washington Wizards,L,116,137,7,5
Minnesota Timberwolves,Houston Rockets,L,105,125,7,6
Minnesota Timberwolves,Utah Jazz,W,112,102,8,6
Minnesota Timberwolves,Utah Jazz,L,95,103,8,7
Minnesota Timberwolves,Phoenix Suns,L,98,100,8,8
Minnesota Timberwolves,Atlanta Hawks,W,125,113,9,8
Minnesota Timberwolves,San Antonio Spurs,W,113,101,10,8
Minnesota Timberwolves,Memphis Grizzlies,L,107,115,10,9
Minnesota Timberwolves,Dallas Mavericks,L,114,121,10,10
Minnesota Timberwolves,Oklahoma City Thunder,L,127,139,10,11
Minnesota Timberwolves,Los Angeles Lakers,L,125,142,10,12
Minnesota Timberwolves,Phoenix Suns,L,109,125,10,13
Minnesota Timberwolves,Utah Jazz,L,116,127,10,14
Minnesota Timberwolves,Los Angeles Clippers,L,117,124,10,15
Minnesota Timberwolves,New Orleans Pelicans,L,99,107,10,16
Minnesota Timberwolves,Denver Nuggets,L,100,109,10,17
Minnesota Timberwolves,Portland Trail Blazers,L,106,113,10,18
Minnesota Timberwolves,Golden State Warriors,L,104,113,10,19
Minnesota Timberwolves,Sacramento Kings,W,105,104,11,19
Minnesota Timberwolves,Cleveland Cavaliers,L,88,94,11,20
Minnesota Timberwolves,Brooklyn Nets,W,122,115,12,20
Minnesota Timberwolves,Milwaukee Bucks,L,104,106,12,21
Minnesota Timberwolves,Golden State Warriors,W,99,84,13,21
Minnesota Timberwolves,Cleveland Cavaliers,W,118,103,14,21
Minnesota Timberwolves,Memphis Grizzlies,L,112,119,14,22
Minnesota Timberwolves,Portland Trail Blazers,W,116,102,15,22
Minnesota Timberwolves,Houston Rockets,L,109,139,15,23
Minnesota Timberwolves,Oklahoma City Thunder,L,104,117,15,24
Minnesota Timberwolves,Indiana Pacers,L,99,104,15,25
Minnesota Timberwolves,Indiana Pacers,L,114,116,15,26
Minnesota Timberwolves,Toronto Raptors,L,112,122,15,27
Minnesota Timberwolves,Denver Nuggets,L,100,107,15,28
Minnesota Timberwolves,Chicago Bulls,L,110,117,15,29
Minnesota Timberwolves,Houston Rockets,L,124,131,15,30
Minnesota Timberwolves,Oklahoma City Thunder,L,104,113,15,31
Minnesota Timberwolves,Sacramento Kings,L,129,133,15,32
Minnesota Timberwolves,Los Angeles Clippers,L,106,118,15,33
Minnesota Timberwolves,Sacramento Kings,L,109,113,15,34
Minnesota Timberwolves,Atlanta Hawks,L,120,127,15,35
Minnesota Timberwolves,Los Angeles Clippers,W,142,115,16,35
Minnesota Timberwolves,Toronto Raptors,L,126,137,16,36
Minnesota Timberwolves,Charlotte Hornets,L,108,115,16,37
Minnesota Timberwolves,Boston Celtics,L,117,127,16,38
Minnesota Timberwolves,Denver Nuggets,L,116,128,16,39
Minnesota Timberwolves,Dallas Mavericks,L,123,139,16,40
Minnesota Timberwolves,Miami Heat,W,129,126,17,40
Minnesota Timberwolves,Orlando Magic,L,125,136,17,41
Minnesota Timberwolves,Dallas Mavericks,L,91,111,17,42
Minnesota Timberwolves,New Orleans Pelicans,W,139,134,18,42
Minnesota Timberwolves,Chicago Bulls,W,115,108,19,42
Minnesota Timberwolves,Orlando Magic,L,118,132,19,43
Minnesota Timberwolves,New Orleans Pelicans,L,107,120,19,44
Minnesota Timberwolves,Houston Rockets,L,111,117,19,45
Los Angeles Lakers,Los Angeles Clippers,L,102,112,0,1
Los Angeles Lakers,Utah Jazz,W,95,86,1,1
Los Angeles Lakers,Charlotte Hornets,W,120,101,2,1
Los Angeles Lakers,Memphis Grizzlies,W,120,91,3,1
Los Angeles Lakers,Dallas Mavericks,W,119,110,4,1
Los Angeles Lakers,San Antonio Spurs,W,103,96,5,1
Los Angeles Lakers,Chicago Bulls,W,118,112,6,1
Los Angeles Lakers,Miami Heat,W,95,80,7,1
Los Angeles Lakers,Toronto Raptors,L,104,113,7,2
Los Angeles Lakers,Phoenix Suns,W,123,115,8,2
Los Angeles Lakers,Golden State Warriors,W,120,94,9,2
Los Angeles Lakers,Sacramento Kings,W,99,97,10,2
Los Angeles Lakers,Atlanta Hawks,W,122,101,11,2
Los Angeles Lakers,Oklahoma City Thunder,W,112,107,12,2
Los Angeles Lakers,Oklahoma City Thunder,W,130,127,13,2
Los Angeles Lakers,Memphis Grizzlies,W,109,108,14,2
Los Angeles Lakers,San Antonio Spurs,W,114,104,15,2
Los Angeles Lakers,New Orleans Pelicans,W,114,110,16,2
Los Angeles Lakers,Washington Wizards,W,125,103,17,2
Los Angeles Lakers,Dallas Mavericks,L,100,114,17,3
Los Angeles Lakers,Denver Nuggets,W,105,96,18,3
Los Angeles Lakers,Utah Jazz,W,121,96,19,3
Los Angeles Lakers,Portland Trail Blazers,W,136,113,20,3
Los Angeles Lakers,Minnesota Timberwolves,W,142,125,21,3
Los Angeles Lakers,Orlando Magic,W,96,87,22,3
Los Angeles Lakers,Miami Heat,W,113,110,23,3
Los Angeles Lakers,Atlanta Hawks,W,101,96,24,3
Los Angeles Lakers,Indiana Pacers,L,102,105,24,4
Los Angeles Lakers,Milwaukee Bucks,L,104,111,24,5
Los Angeles Lakers,Denver Nuggets,L,104,128,24,6
Los Angeles Lakers,Los Angeles Clippers,L,106,111,24,7
Los Angeles Lakers,Portland Trail Blazers,W,128,120,25,7
Los Angeles Lakers,Dallas Mavericks,W,108,95,26,7
Los Angeles Lakers,Phoenix Suns,W,117,107,27,7
Los Angeles Lakers,New Orleans Pelicans,W,123,113,28,7
Los Angeles Lakers,Detroit Pistons,W,106,99,29,7
Los Angeles Lakers,New York Knicks,W,117,87,30,7
Los Angeles Lakers,Dallas Mavericks,W,129,114,31,7
Los Angeles Lakers,Oklahoma City Thunder,W,125,110,32,7
Los Angeles Lakers,Cleveland Cavaliers,W,128,99,33,7
Los Angeles Lakers,Orlando Magic,L,118,119,33,8
Los Angeles Lakers,Houston Rockets,W,124,115,34,8
Los Angeles Lakers,Boston Celtics,L,107,139,34,9
Los Angeles Lakers,New York Knicks,W,100,92,35,9
Los Angeles Lakers,Brooklyn Nets,W,128,113,36,9
Los Angeles Lakers,Philadelphia 76ers,L,91,108,36,10
Los Angeles Lakers,Portland Trail Blazers,L,119,127,36,11
Los Angeles Lakers,Sacramento Kings,W,129,113,37,11
Los Angeles Lakers,San Antonio Spurs,W,129,102,38,11
Los Angeles Lakers,Houston Rockets,L,111,121,38,12
Los Angeles Lakers,Golden State Warriors,W,125,120,39,12
Los Angeles Lakers,Phoenix Suns,W,125,100,40,12
Los Angeles Lakers,Denver Nuggets,W,120,116,41,12
Los Angeles Lakers,Memphis Grizzlies,W,117,105,42,12
Los Angeles Lakers,Boston Celtics,W,114,112,43,12
Los Angeles Lakers,New Orleans Pelicans,W,118,109,44,12
Los Angeles Lakers,Golden State Warriors,W,116,86,45,12
Los Angeles Lakers,Memphis Grizzlies,L,88,105,45,13
Los Angeles Lakers,New Orleans Pelicans,W,122,114,46,13
Los Angeles Lakers,Philadelphia 76ers,W,120,107,47,13
Los Angeles Lakers,Milwaukee Bucks,W,113,103,48,13
Los Angeles Lakers,Los Angeles Clippers,W,112,103,49,13
Los Angeles Lakers,Brooklyn Nets,L,102,104,49,14
Los Angeles Clippers,Los Angeles Lakers,W,112,102,1,0
Los Angeles Clippers,Golden State Warriors,W,141,122,2,0
Los Angeles Clippers,Phoenix Suns,L,122,130,2,1
Los Angeles Clippers,Charlotte Hornets,W,111,96,3,1
Los Angeles Clippers,Utah Jazz,L,96,110,3,2
Los Angeles Clippers,San Antonio Spurs,W,103,97,4,2
Los Angeles Clippers,Utah Jazz,W,105,94,5,2
Los Angeles Clippers,Milwaukee Bucks,L,124,129,5,3
Los Angeles Clippers,Portland Trail Blazers,W,107,101,6,3
Los Angeles Clippers,Toronto Raptors,W,98,88,7,3
Los Angeles Clippers,Houston Rockets,L,93,102,7,4
Los Angeles Clippers,New Orleans Pelicans,L,127,132,7,5
Los Angeles Clippers,Atlanta Hawks,W,150,101,8,5
Los Angeles Clippers,Oklahoma City Thunder,W,90,88,9,5
Los Angeles Clippers,Boston Celtics,W,107,104,10,5
Los Angeles Clippers,Houston Rockets,W,122,119,11,5
Los Angeles Clippers,New Orleans Pelicans,W,134,109,12,5
Los Angeles Clippers,Dallas Mavericks,W,114,99,13,5
Los Angeles Clippers,Memphis Grizzlies,W,121,119,14,5
Los Angeles Clippers,San Antonio Spurs,L,97,107,14,6
Los Angeles Clippers,Washington Wizards,W,150,125,15,6
Los Angeles Clippers,Portland Trail Blazers,W,117,97,16,6
Los Angeles Clippers,Milwaukee Bucks,L,91,119,16,7
Los Angeles Clippers,Washington Wizards,W,135,119,17,7
Los Angeles Clippers,Indiana Pacers,W,110,99,18,7
Los Angeles Clippers,Toronto Raptors,W,112,92,19,7
Los Angeles Clippers,Minnesota Timberwolves,W,124,117,20,7
Los Angeles Clippers,Chicago Bulls,L,106,109,20,8
Los Angeles Clippers,Phoenix Suns,W,120,99,21,8
Los Angeles Clippers,Houston Rockets,L,117,122,21,9
Los Angeles Clippers,San Antonio Spurs,W,134,109,22,9
Los Angeles Clippers,Oklahoma City Thunder,L,112,118,22,10
Los Angeles Clippers,Los Angeles Lakers,W,111,106,23,10
Los Angeles Clippers,Utah Jazz,L,107,120,23,11
Los Angeles Clippers,Sacramento Kings,W,105,87,24,11
Los Angeles Clippers,Detroit Pistons,W,126,112,25,11
Los Angeles Clippers,Memphis Grizzlies,L,114,140,25,12
Los Angeles Clippers,New York Knicks,W,135,132,26,12
Los Angeles Clippers,Golden State Warriors,W,109,100,27,12
Los Angeles Clippers,Denver Nuggets,L,104,114,27,13
Los Angeles Clippers,Cleveland Cavaliers,W,128,103,28,13
Los Angeles Clippers,Orlando Magic,W,122,95,29,13
Los Angeles Clippers,New Orleans Pelicans,W,133,130,30,13
Los Angeles Clippers,Dallas Mavericks,W,110,107,31,13
Los Angeles Clippers,Atlanta Hawks,L,95,102,31,14
Los Angeles Clippers,Miami Heat,W,122,117,32,14
Los Angeles Clippers,Orlando Magic,W,112,97,33,14
Los Angeles Clippers,Sacramento Kings,L,103,124,33,15
Los Angeles Clippers,Minnesota Timberwolves,W,118,106,34,15
Los Angeles Clippers,San Antonio Spurs,W,108,105,35,15
Los Angeles Clippers,Miami Heat,W,128,111,36,15
Los Angeles Clippers,Minnesota Timberwolves,L,115,142,36,16
Los Angeles Clippers,Cleveland Cavaliers,W,133,92,37,16
Los Angeles Clippers,Philadelphia 76ers,L,103,110,37,17
Los Angeles Clippers,Boston Celtics,L,133,141,37,18
Los Angeles Clippers,Sacramento Kings,L,103,112,37,19
Los Angeles Clippers,Memphis Grizzlies,W,124,97,38,19
Los Angeles Clippers,Phoenix Suns,W,102,92,39,19
Los Angeles Clippers,Denver Nuggets,W,132,103,40,19
Los Angeles Clippers,Philadelphia 76ers,W,136,130,41,19
Los Angeles Clippers,Oklahoma City Thunder,W,109,94,42,19
Los Angeles Clippers,Houston Rockets,W,120,105,43,19
Los Angeles Clippers,Los Angeles Lakers,L,103,112,43,20
Los Angeles Clippers,Golden State Warriors,W,131,107,44,20
Phoenix Suns,Sacramento Kings,W,124,95,1,0
Phoenix Suns,Denver Nuggets,L,107,108,1,1
Phoenix Suns,Los Angeles Clippers,W,130,122,2,1
Phoenix Suns,Utah Jazz,L,95,96,2,2
Phoenix Suns,Golden State Warriors,W,121,110,3,2
Phoenix Suns,Memphis Grizzlies,W,114,105,4,2
Phoenix Suns,Philadelphia 76ers,W,114,109,5,2
Phoenix Suns,Miami Heat,L,108,124,5,3
Phoenix Suns,Brooklyn Nets,W,138,112,6,3
Phoenix Suns,Los Angeles Lakers,L,115,123,6,4
Phoenix Suns,Atlanta Hawks,W,128,112,7,4
Phoenix Suns,Boston Celtics,L,85,99,7,5
Phoenix Suns,Sacramento Kings,L,116,120,7,6
Phoenix Suns,New Orleans Pelicans,L,121,124,7,7
Phoenix Suns,Minnesota Timberwolves,W,100,98,8,7
Phoenix Suns,Denver Nuggets,L,104,116,8,8
Phoenix Suns,Washington Wizards,L,132,140,8,9
Phoenix Suns,Dallas Mavericks,L,113,120,8,10
Phoenix Suns,Charlotte Hornets,W,109,104,9,10
Phoenix Suns,Orlando Magic,L,114,128,9,11
Phoenix Suns,New Orleans Pelicans,W,139,132,10,11
Phoenix Suns,Houston Rockets,L,109,115,10,12
Phoenix Suns,Minnesota Timberwolves,W,125,109,11,12
Phoenix Suns,Memphis Grizzlies,L,108,115,11,13
Phoenix Suns,San Antonio Spurs,L,119,121,11,14
Phoenix Suns,Portland Trail Blazers,L,110,111,11,15
Phoenix Suns,Los Angeles Clippers,L,99,120,11,16
Phoenix Suns,Oklahoma City Thunder,L,108,126,11,17
Phoenix Suns,Houston Rockets,L,125,139,11,18
Phoenix Suns,Denver Nuggets,L,111,113,11,19
Phoenix Suns,Golden State Warriors,L,96,105,11,20
Phoenix Suns,Sacramento Kings,W,112,110,12,20
Phoenix Suns,Portland Trail Blazers,W,122,116,13,20
Phoenix Suns,Los Angeles Lakers,L,107,117,13,21
Phoenix Suns,New York Knicks,W,120,112,14,21
Phoenix Suns,Memphis Grizzlies,L,114,121,14,22
Phoenix Suns,Sacramento Kings,L,103,114,14,23
Phoenix Suns,Orlando Magic,W,98,94,15,23
Phoenix Suns,Charlotte Hornets,W,100,92,16,23
Phoenix Suns,Atlanta Hawks,L,110,123,16,24
Phoenix Suns,New York Knicks,W,121,98,17,24
Phoenix Suns,Boston Celtics,W,123,119,18,24
Phoenix Suns,San Antonio Spurs,L,118,120,18,25
Phoenix Suns,Indiana Pacers,L,87,112,18,26
Phoenix Suns,San Antonio Spurs,W,103,99,19,26
Phoenix Suns,Memphis Grizzlies,L,109,114,19,27
Phoenix Suns,Dallas Mavericks,W,133,104,20,27
Phoenix Suns,Oklahoma City Thunder,L,107,111,20,28
Phoenix Suns,Milwaukee Bucks,L,108,129,20,29
Phoenix Suns,Brooklyn Nets,L,97,119,20,30
Phoenix Suns,Detroit Pistons,L,108,116,20,31
Phoenix Suns,Houston Rockets,W,127,91,21,31
Phoenix Suns,Denver Nuggets,L,108,117,21,32
Phoenix Suns,Los Angeles Lakers,L,100,125,21,33
Phoenix Suns,Golden State Warriors,W,112,106,22,33
Phoenix Suns,Toronto Raptors,L,101,118,22,34
Phoenix Suns,Chicago Bulls,W,112,104,23,34
Phoenix Suns,Utah Jazz,W,131,111,24,34
Phoenix Suns,Los Angeles Clippers,L,92,102,24,35
Phoenix Suns,Detroit Pistons,L,111,113,24,36
Phoenix Suns,Golden State Warriors,L,99,115,24,37
Phoenix Suns,Toronto Raptors,L,114,123,24,38
Phoenix Suns,Portland Trail Blazers,W,127,117,25,38
Phoenix Suns,Milwaukee Bucks,W,140,131,26,38
Phoenix Suns,Portland Trail Blazers,L,105,121,26,39
Sacramento Kings,Phoenix Suns,L,95,124,0,1
Sacramento Kings,Portland Trail Blazers,L,112,122,0,2
Sacramento Kings,Utah Jazz,L,81,113,0,3
Sacramento Kings,Denver Nuggets,L,94,101,0,4
Sacramento Kings,Charlotte Hornets,L,111,118,0,5
Sacramento Kings,Utah Jazz,W,102,101,1,5
Sacramento Kings,New York Knicks,W,113,92,2,5
Sacramento Kings,Toronto Raptors,L,120,124,2,6
Sacramento Kings,Atlanta Hawks,W,121,109,3,6
Sacramento Kings,Portland Trail Blazers,W,107,99,4,6
Sacramento Kings,Los Angeles Lakers,L,97,99,4,7
Sacramento Kings,Boston Celtics,W,100,99,5,7
Sacramento Kings,Phoenix Suns,W,120,116,6,7
Sacramento Kings,Brooklyn Nets,L,97,116,6,8
Sacramento Kings,Washington Wizards,W,113,106,7,8
Sacramento Kings,Boston Celtics,L,102,103,7,9
Sacramento Kings,Philadelphia 76ers,L,91,97,7,10
Sacramento Kings,Denver Nuggets,W,100,97,8,10
Sacramento Kings,Chicago Bulls,L,106,113,8,11
Sacramento Kings,Portland Trail Blazers,L,116,127,8,12
Sacramento Kings,San Antonio Spurs,L,104,105,8,13
Sacramento Kings,Dallas Mavericks,W,110,106,9,13
Sacramento Kings,Houston Rockets,W,119,118,10,13
Sacramento Kings,Oklahoma City Thunder,W,94,93,11,13
Sacramento Kings,New York Knicks,L,101,103,11,14
Sacramento Kings,Golden State Warriors,W,100,79,12,14
Sacramento Kings,Charlotte Hornets,L,102,110,12,15
Sacramento Kings,Indiana Pacers,L,105,119,12,16
Sacramento Kings,Memphis Grizzlies,L,115,119,12,17
Sacramento Kings,Houston Rockets,L,104,113,12,18
Sacramento Kings,Minnesota Timberwolves,L,104,105,12,19
Sacramento Kings,Phoenix Suns,L,110,112,12,20
Sacramento Kings,Denver Nuggets,L,115,120,12,21
Sacramento Kings,Los Angeles Clippers,L,87,105,12,22
Sacramento Kings,Memphis Grizzlies,W,128,123,13,22
Sacramento Kings,New Orleans Pelicans,L,115,117,13,23
Sacramento Kings,Golden State Warriors,W,111,98,14,23
Sacramento Kings,Phoenix Suns,W,114,103,15,23
Sacramento Kings,Milwaukee Bucks,L,106,127,15,24
Sacramento Kings,Orlando Magic,L,112,114,15,25
Sacramento Kings,Dallas Mavericks,L,123,127,15,26
Sacramento Kings,Utah Jazz,L,101,123,15,27
Sacramento Kings,Miami Heat,L,113,118,15,28
Sacramento Kings,Detroit Pistons,L,106,127,15,29
Sacramento Kings,Chicago Bulls,W,98,81,16,29
Sacramento Kings,Minnesota Timberwolves,W,133,129,17,29
Sacramento Kings,Oklahoma City Thunder,L,100,120,17,30
Sacramento Kings,Los Angeles Clippers,W,124,103,18,30
Sacramento Kings,Los Angeles Lakers,L,113,129,18,31
Sacramento Kings,Minnesota Timberwolves,W,113,109,19,31
Sacramento Kings,Miami Heat,W,105,97,20,31
Sacramento Kings,San Antonio Spurs,W,122,102,21,31
Sacramento Kings,Milwaukee Bucks,L,111,123,21,32
Sacramento Kings,Dallas Mavericks,L,111,130,21,33
Sacramento Kings,Memphis Grizzlies,W,129,125,22,33
Sacramento Kings,Los Angeles Clippers,W,112,103,23,33
Sacramento Kings,Golden State Warriors,W,112,94,24,33
Sacramento Kings,Oklahoma City Thunder,L,108,112,24,34
Sacramento Kings,Memphis Grizzlies,W,104,101,25,34
Sacramento Kings,Detroit Pistons,W,106,100,26,34
Sacramento Kings,Washington Wizards,W,133,126,27,34
Sacramento Kings,Philadelphia 76ers,L,108,125,27,35
Sacramento Kings,Portland Trail Blazers,W,123,111,28,35
Sacramento Kings,Toronto Raptors,L,113,118,28,36
Golden State Warriors,Los Angeles Clippers,L,122,141,0,1
Golden State Warriors,Oklahoma City Thunder,L,92,120,0,2
Golden State Warriors,New Orleans Pelicans,W,134,123,1,2
Golden State Warriors,Phoenix Suns,L,110,121,1,3
Golden State Warriors,San Antonio Spurs,L,110,127,1,4
Golden State Warriors,Charlotte Hornets,L,87,93,1,5
Golden State Warriors,Portland Trail Blazers,W,127,118,2,5
Golden State Warriors,Houston Rockets,L,112,129,2,6
Golden State Warriors,Minnesota Timberwolves,L,119,125,2,7
Golden State Warriors,Oklahoma City Thunder,L,108,114,2,8
Golden State Warriors,Utah Jazz,L,108,122,2,9
Golden State Warriors,Los Angeles Lakers,L,94,120,2,10
Golden State Warriors,Boston Celtics,L,100,105,2,11
Golden State Warriors,New Orleans Pelicans,L,100,108,2,12
Golden State Warriors,Memphis Grizzlies,W,114,95,3,12
Golden State Warriors,Dallas Mavericks,L,94,142,3,13
Golden State Warriors,Utah Jazz,L,109,113,3,14
Golden State Warriors,Oklahoma City Thunder,L,97,100,3,15
Golden State Warriors,Chicago Bulls,W,104,90,4,15
Golden State Warriors,Miami Heat,L,105,122,4,16
Golden State Warriors,Orlando Magic,L,96,100,4,17
Golden State Warriors,Atlanta Hawks,L,79,104,4,18
Golden State Warriors,Charlotte Hornets,L,91,106,4,19
Golden State Warriors,Chicago Bulls,W,100,98,5,19
Golden State Warriors,Memphis Grizzlies,L,102,110,5,20
Golden State Warriors,New York Knicks,L,122,124,5,21
Golden State Warriors,Utah Jazz,L,106,114,5,22
Golden State Warriors,Sacramento Kings,L,79,100,5,23
Golden State Warriors,Portland Trail Blazers,L,112,122,5,24
Golden State Warriors,New Orleans Pelicans,W,106,102,6,24
Golden State Warriors,Minnesota Timberwolves,W,113,104,7,24
Golden State Warriors,Houston Rockets,W,116,104,8,24
Golden State Warriors,Phoenix Suns,W,105,96,9,24
Golden State Warriors,Dallas Mavericks,L,121,141,9,25
Golden State Warriors,San Antonio Spurs,L,113,117,9,26
Golden State Warriors,Minnesota Timberwolves,L,84,99,9,27
Golden State Warriors,Detroit Pistons,L,104,111,9,28
Golden State Warriors,Sacramento Kings,L,98,111,9,29
Golden State Warriors,Milwaukee Bucks,L,98,107,9,30
Golden State Warriors,Los Angeles Clippers,L,100,109,9,31
Golden State Warriors,Memphis Grizzlies,L,102,122,9,32
Golden State Warriors,Dallas Mavericks,L,97,124,9,33
Golden State Warriors,Denver Nuggets,L,131,134,9,34
Golden State Warriors,Orlando Magic,W,109,95,10,34
Golden State Warriors,Portland Trail Blazers,L,124,129,10,35
Golden State Warriors,Utah Jazz,L,96,129,10,36
Golden State Warriors,Indiana Pacers,L,118,129,10,37
Golden State Warriors,Philadelphia 76ers,L,104,115,10,38
Golden State Warriors,Boston Celtics,L,104,119,10,39
Golden State Warriors,Cleveland Cavaliers,W,131,112,11,39
Golden State Warriors,Washington Wizards,W,125,117,12,39
Golden State Warriors,Brooklyn Nets,L,88,129,12,40
Golden State Warriors,Los Angeles Lakers,L,120,125,12,41
Golden State Warriors,Miami Heat,L,101,113,12,42
Golden State Warriors,Phoenix Suns,L,106,112,12,43
Golden State Warriors,Houston Rockets,L,105,135,12,44
Golden State Warriors,New Orleans Pelicans,L,101,115,12,45
Golden State Warriors,Sacramento Kings,L,94,112,12,46
Golden State Warriors,Los Angeles Lakers,L,86,116,12,47
Golden State Warriors,Phoenix Suns,W,115,99,13,47
Golden State Warriors,Washington Wizards,L,110,124,13,48
Golden State Warriors,Denver Nuggets,W,116,100,14,48
Golden State Warriors,Toronto Raptors,L,113,121,14,49
Golden State Warriors,Philadelphia 76ers,W,118,114,15,49
Golden State Warriors,Los Angeles Clippers,L,107,131,15,50
Houston Rockets,Milwaukee Bucks,L,111,117,0,1
Houston Rockets,New Orleans Pelicans,W,126,123,1,1
Houston Rockets,Oklahoma City Thunder,W,116,112,2,1
Houston Rockets,Washington Wizards,W,159,158,3,1
Houston Rockets,Brooklyn Nets,L,116,123,3,2
Houston Rockets,Miami Heat,L,100,129,3,3
Houston Rockets,Memphis Grizzlies,W,107,100,4,3
Houston Rockets,Golden State Warriors,W,129,112,5,3
Houston Rockets,Chicago Bulls,W,117,94,6,3
Houston Rockets,New Orleans Pelicans,W,122,116,7,3
Houston Rockets,Los Angeles Clippers,W,102,93,8,3
Houston Rockets,Indiana Pacers,W,111,102,9,3
Houston Rockets,Minnesota Timberwolves,W,125,105,10,3
Houston Rockets,Portland Trail Blazers,W,132,108,11,3
Houston Rockets,Denver Nuggets,L,95,105,11,4
Houston Rockets,Los Angeles Clippers,L,119,122,11,5
Houston Rockets,Dallas Mavericks,L,123,137,11,6
Houston Rockets,Miami Heat,W,117,108,12,6
Houston Rockets,Atlanta Hawks,W,158,111,13,6
Houston Rockets,San Antonio Spurs,L,133,135,13,7
Houston Rockets,Toronto Raptors,W,119,109,14,7
Houston Rockets,Phoenix Suns,W,115,109,15,7
Houston Rockets,Sacramento Kings,L,118,119,15,8
Houston Rockets,Cleveland Cavaliers,W,116,110,16,8
Houston Rockets,Orlando Magic,W,130,107,17,8
Houston Rockets,Detroit Pistons,L,107,115,17,9
Houston Rockets,San Antonio Spurs,W,109,107,18,9
Houston Rockets,Los Angeles Clippers,W,122,117,19,9
Houston Rockets,Phoenix Suns,W,139,125,20,9
Houston Rockets,Sacramento Kings,W,113,104,21,9
Houston Rockets,Golden State Warriors,L,104,116,21,10
Houston Rockets,Brooklyn Nets,W,108,98,22,10
Houston Rockets,New Orleans Pelicans,L,112,127,22,11
Houston Rockets,Denver Nuggets,W,130,104,23,11
Houston Rockets,Philadelphia 76ers,W,118,108,24,11
Houston Rockets,Atlanta Hawks,W,122,115,25,11
Houston Rockets,Oklahoma City Thunder,L,92,113,25,12
Houston Rockets,Minnesota Timberwolves,W,139,109,26,12
Houston Rockets,Memphis Grizzlies,L,110,121,26,13
Houston Rockets,Portland Trail Blazers,L,107,117,26,14
Houston Rockets,Los Angeles Lakers,L,115,124,26,15
Houston Rockets,Oklahoma City Thunder,L,107,112,26,16
Houston Rockets,Denver Nuggets,W,121,105,27,16
Houston Rockets,Minnesota Timberwolves,W,131,124,28,16
Houston Rockets,Denver Nuggets,L,110,117,28,17
Houston Rockets,Utah Jazz,W,126,117,29,17
Houston Rockets,Portland Trail Blazers,L,112,125,29,18
Houston Rockets,Dallas Mavericks,W,128,121,30,18
Houston Rockets,New Orleans Pelicans,W,117,109,31,18
Houston Rockets,Charlotte Hornets,W,125,110,32,18
Houston Rockets,Los Angeles Lakers,W,121,111,33,18
Houston Rockets,Phoenix Suns,L,91,127,33,19
Houston Rockets,Utah Jazz,L,113,114,33,20
Houston Rockets,Boston Celtics,W,116,105,34,20
Houston Rockets,Golden State Warriors,W,135,105,35,20
Houston Rockets,Utah Jazz,W,120,110,36,20
Houston Rockets,New York Knicks,W,123,112,37,20
Houston Rockets,Memphis Grizzlies,W,140,112,38,20
Houston Rockets,Boston Celtics,W,111,110,39,20
Houston Rockets,New York Knicks,L,123,125,39,21
Houston Rockets,Los Angeles Clippers,L,105,120,39,22
Houston Rockets,Charlotte Hornets,L,99,108,39,23
Houston Rockets,Orlando Magic,L,106,126,39,24
Houston Rockets,Minnesota Timberwolves,W,117,111,40,24
Dallas Mavericks,Washington Wizards,W,108,100,1,0
Dallas Mavericks,New Orleans Pelicans,W,123,116,2,0
Dallas Mavericks,Portland Trail Blazers,L,119,121,2,1
Dallas Mavericks,Denver Nuggets,W,109,106,3,1
Dallas Mavericks,Los Angeles Lakers,L,110,119,3,2
Dallas Mavericks,Cleveland Cavaliers,W,131,111,4,2
Dallas Mavericks,Orlando Magic,W,107,106,5,2
Dallas Mavericks,New York Knicks,L,102,106,5,3
Dallas Mavericks,Memphis Grizzlies,W,138,122,6,3
Dallas Mavericks,Boston Celtics,L,106,116,6,4
Dallas Mavericks,New York Knicks,L,103,106,6,5
Dallas Mavericks,Toronto Raptors,W,110,102,7,5
Dallas Mavericks,San Antonio Spurs,W,117,110,8,5
Dallas Mavericks,Golden State Warriors,W,142,94,9,5
Dallas Mavericks,Cleveland Cavaliers,W,143,101,10,5
Dallas Mavericks,Houston Rockets,W,137,123,11,5
Dallas Mavericks,Los Angeles Clippers,L,99,114,11,6
Dallas Mavericks,Phoenix Suns,W,120,113,12,6
Dallas Mavericks,Los Angeles Lakers,W,114,100,13,6
Dallas Mavericks,New Orleans Pelicans,W,118,97,14,6
Dallas Mavericks,Minnesota Timberwolves,W,121,114,15,6
Dallas Mavericks,New Orleans Pelicans,W,130,84,16,6
Dallas Mavericks,Sacramento Kings,L,106,110,16,7
Dallas Mavericks,Detroit Pistons,W,122,111,17,7
Dallas Mavericks,Miami Heat,L,118,122,17,8
Dallas Mavericks,Milwaukee Bucks,W,120,116,18,8
Dallas Mavericks,Boston Celtics,L,103,109,18,9
Dallas Mavericks,Philadelphia 76ers,W,117,98,19,9
Dallas Mavericks,Toronto Raptors,L,107,110,19,10
Dallas Mavericks,San Antonio Spurs,W,102,98,20,10
Dallas Mavericks,Golden State Warriors,W,141,121,21,10
Dallas Mavericks,Los Angeles Lakers,L,95,108,21,11
Dallas Mavericks,Oklahoma City Thunder,L,101,106,21,12
Dallas Mavericks,Brooklyn Nets,W,123,111,22,12
Dallas Mavericks,Charlotte Hornets,L,120,123,22,13
Dallas Mavericks,Chicago Bulls,W,118,110,23,13
Dallas Mavericks,Denver Nuggets,L,106,107,23,14
Dallas Mavericks,Los Angeles Lakers,L,114,129,23,15
Dallas Mavericks,Philadelphia 76ers,W,109,91,24,15
Dallas Mavericks,Golden State Warriors,W,124,97,25,15
Dallas Mavericks,Sacramento Kings,W,127,123,26,15
Dallas Mavericks,Portland Trail Blazers,W,120,112,27,15
Dallas Mavericks,Los Angeles Clippers,L,107,110,27,16
Dallas Mavericks,Portland Trail Blazers,W,133,125,28,16
Dallas Mavericks,Utah Jazz,L,107,112,28,17
Dallas Mavericks,Oklahoma City Thunder,W,107,97,29,17
Dallas Mavericks,Phoenix Suns,L,104,133,29,18
Dallas Mavericks,Houston Rockets,L,121,128,29,19
Dallas Mavericks,Atlanta Hawks,W,123,100,30,19
Dallas Mavericks,Indiana Pacers,W,112,103,31,19
Dallas Mavericks,Memphis Grizzlies,L,107,121,31,20
Dallas Mavericks,Washington Wizards,L,118,119,31,21
Dallas Mavericks,Charlotte Hornets,W,116,100,32,21
Dallas Mavericks,Utah Jazz,L,119,123,32,22
Dallas Mavericks,Sacramento Kings,W,130,111,33,22
Dallas Mavericks,Orlando Magic,W,122,106,34,22
Dallas Mavericks,Atlanta Hawks,L,107,111,34,23
Dallas Mavericks,Minnesota Timberwolves,W,139,123,35,23
Dallas Mavericks,San Antonio Spurs,W,109,103,36,23
Dallas Mavericks,Miami Heat,L,118,126,36,24
Dallas Mavericks,Minnesota Timberwolves,W,111,91,37,24
Dallas Mavericks,Chicago Bulls,L,107,109,37,25
Dallas Mavericks,New Orleans Pelicans,W,127,123,38,25
Dallas Mavericks,Memphis Grizzlies,W,121,96,39,25
Dallas Mavericks,Indiana Pacers,L,109,112,39,26
Dallas Mavericks,San Antonio Spurs,L,109,119,39,27
Dallas Mavericks,Denver Nuggets,W,113,97,40,27
Memphis Grizzlies,Miami Heat,L,101,120,0,1
Memphis Grizzlies,Chicago Bulls,L,102,110,0,2
Memphis Grizzlies,Brooklyn Nets,W,134,133,1,2
Memphis Grizzlies,Los Angeles Lakers,L,91,120,1,3
Memphis Grizzlies,Phoenix Suns,L,105,114,1,4
Memphis Grizzlies,Houston Rockets,L,100,107,1,5
Memphis Grizzlies,Minnesota Timberwolves,W,137,121,2,5
Memphis Grizzlies,Orlando Magic,L,86,118,2,6
Memphis Grizzlies,Dallas Mavericks,L,122,138,2,7
Memphis Grizzlies,San Antonio Spurs,W,113,109,3,7
Memphis Grizzlies,Charlotte Hornets,W,119,117,4,7
Memphis Grizzlies,Utah Jazz,W,107,106,5,7
Memphis Grizzlies,Denver Nuggets,L,114,131,5,8
Memphis Grizzlies,Golden State Warriors,L,95,114,5,9
Memphis Grizzlies,Los Angeles Lakers,L,108,109,5,10
Memphis Grizzlies,Indiana Pacers,L,114,126,5,11
Memphis Grizzlies,Los Angeles Clippers,L,119,121,5,12
Memphis Grizzlies,Utah Jazz,L,94,103,5,13
Memphis Grizzlies,Minnesota Timberwolves,W,115,107,6,13
Memphis Grizzlies,Indiana Pacers,L,104,117,6,14
Memphis Grizzlies,Chicago Bulls,L,99,106,6,15
Memphis Grizzlies,Utah Jazz,L,112,126,6,16
Memphis Grizzlies,Golden State Warriors,W,110,102,7,16
Memphis Grizzlies,Phoenix Suns,W,115,108,8,16
Memphis Grizzlies,Milwaukee Bucks,L,114,127,8,17
Memphis Grizzlies,Washington Wizards,W,128,111,9,17
Memphis Grizzlies,Miami Heat,W,118,111,10,17
Memphis Grizzlies,Oklahoma City Thunder,L,122,126,10,18
Memphis Grizzlies,Cleveland Cavaliers,L,107,114,10,19
Memphis Grizzlies,Sacramento Kings,W,119,115,11,19
Memphis Grizzlies,San Antonio Spurs,L,115,145,11,20
Memphis Grizzlies,Oklahoma City Thunder,W,110,97,12,20
Memphis Grizzlies,Denver Nuggets,L,110,119,12,21
Memphis Grizzlies,Charlotte Hornets,W,117,104,13,21
Memphis Grizzlies,Sacramento Kings,L,123,128,13,22
Memphis Grizzlies,Los Angeles Clippers,W,140,114,14,22
Memphis Grizzlies,Phoenix Suns,W,121,114,15,22
Memphis Grizzlies,Minnesota Timberwolves,W,119,112,16,22
Memphis Grizzlies,San Antonio Spurs,W,134,121,17,22
Memphis Grizzlies,Golden State Warriors,W,122,102,18,22
Memphis Grizzlies,Houston Rockets,W,121,110,19,22
Memphis Grizzlies,Cleveland Cavaliers,W,113,109,20,22
Memphis Grizzlies,New Orleans Pelicans,L,116,126,20,23
Memphis Grizzlies,Boston Celtics,L,95,119,20,24
Memphis Grizzlies,Detroit Pistons,W,125,112,21,24
Memphis Grizzlies,Phoenix Suns,W,114,109,22,24
Memphis Grizzlies,Denver Nuggets,W,104,96,23,24
Memphis Grizzlies,New York Knicks,W,127,106,24,24
Memphis Grizzlies,New Orleans Pelicans,L,111,139,24,25
Memphis Grizzlies,Detroit Pistons,W,96,82,25,25
Memphis Grizzlies,Dallas Mavericks,W,121,107,26,25
Memphis Grizzlies,Philadelphia 76ers,L,107,119,26,26
Memphis Grizzlies,Washington Wizards,W,106,99,27,26
Memphis Grizzlies,Portland Trail Blazers,W,111,104,28,26
Memphis Grizzlies,Sacramento Kings,L,125,129,28,27
Memphis Grizzlies,Los Angeles Lakers,L,105,117,28,28
Memphis Grizzlies,Los Angeles Clippers,L,97,124,28,29
Memphis Grizzlies,Houston Rockets,L,112,140,28,30
Memphis Grizzlies,Sacramento Kings,L,101,104,28,31
Memphis Grizzlies,Los Angeles Lakers,W,105,88,29,31
Memphis Grizzlies,Atlanta Hawks,W,127,88,30,31
Memphis Grizzlies,Brooklyn Nets,W,118,79,31,31
Memphis Grizzlies,Dallas Mavericks,L,96,121,31,32
Memphis Grizzlies,Atlanta Hawks,W,118,101,32,32
Memphis Grizzlies,Orlando Magic,L,115,120,32,33
San Antonio Spurs,New York Knicks,W,120,111,1,0
San Antonio Spurs,Washington Wizards,W,124,122,2,0
San Antonio Spurs,Portland Trail Blazers,W,113,110,3,0
San Antonio Spurs,Los Angeles Clippers,L,97,103,3,1
San Antonio Spurs,Golden State Warriors,W,127,110,4,1
San Antonio Spurs,Los Angeles Lakers,L,96,103,4,2
San Antonio Spurs,Atlanta Hawks,L,100,108,4,3
San Antonio Spurs,Oklahoma City Thunder,W,121,112,5,3
San Antonio Spurs,Boston Celtics,L,115,135,5,4
San Antonio Spurs,Memphis Grizzlies,L,109,113,5,5
San Antonio Spurs,Minnesota Timberwolves,L,114,129,5,6
San Antonio Spurs,Orlando Magic,L,109,111,5,7
San Antonio Spurs,Portland Trail Blazers,L,116,121,5,8
San Antonio Spurs,Dallas Mavericks,L,110,117,5,9
San Antonio Spurs,Washington Wizards,L,132,138,5,10
San Antonio Spurs,Philadelphia 76ers,L,104,115,5,11
San Antonio Spurs,New York Knicks,W,111,104,6,11
San Antonio Spurs,Los Angeles Lakers,L,104,114,6,12
San Antonio Spurs,Minnesota Timberwolves,L,101,113,6,13
San Antonio Spurs,Los Angeles Clippers,W,107,97,7,13
San Antonio Spurs,Detroit Pistons,L,98,132,7,14
San Antonio Spurs,Houston Rockets,W,135,133,8,14
San Antonio Spurs,Sacramento Kings,W,105,104,9,14
San Antonio Spurs,Cleveland Cavaliers,L,109,117,9,15
San Antonio Spurs,Phoenix Suns,W,121,119,10,15
San Antonio Spurs,Houston Rockets,L,107,109,10,16
San Antonio Spurs,Brooklyn Nets,W,118,105,11,16
San Antonio Spurs,Los Angeles Clippers,L,109,134,11,17
San Antonio Spurs,Memphis Grizzlies,W,145,115,12,17
San Antonio Spurs,Dallas Mavericks,L,98,102,12,18
San Antonio Spurs,Detroit Pistons,W,136,109,13,18
San Antonio Spurs,Golden State Warriors,W,117,113,14,18
San Antonio Spurs,Oklahoma City Thunder,L,103,109,14,19
San Antonio Spurs,Milwaukee Bucks,L,118,127,14,20
San Antonio Spurs,Milwaukee Bucks,W,126,104,15,20
San Antonio Spurs,Boston Celtics,W,129,114,16,20
San Antonio Spurs,Memphis Grizzlies,L,121,134,16,21
San Antonio Spurs,Toronto Raptors,W,105,104,17,21
San Antonio Spurs,Miami Heat,L,100,106,17,22
San Antonio Spurs,Atlanta Hawks,L,120,121,17,23
San Antonio Spurs,Miami Heat,W,107,102,18,23
San Antonio Spurs,Phoenix Suns,W,120,118,19,23
San Antonio Spurs,New Orleans Pelicans,W,121,117,20,23
San Antonio Spurs,Phoenix Suns,L,99,103,20,24
San Antonio Spurs,Toronto Raptors,L,106,110,20,25
San Antonio Spurs,Chicago Bulls,L,109,110,20,26
San Antonio Spurs,Utah Jazz,W,127,120,21,26
San Antonio Spurs,Charlotte Hornets,W,114,90,22,26
San Antonio Spurs,Los Angeles Clippers,L,105,108,22,27
San Antonio Spurs,Los Angeles Lakers,L,102,129,22,28
San Antonio Spurs,Portland Trail Blazers,L,117,125,22,29
San Antonio Spurs,Sacramento Kings,L,102,122,22,30
San Antonio Spurs,Denver Nuggets,L,120,127,22,31
San Antonio Spurs,Oklahoma City Thunder,W,114,106,23,31
San Antonio Spurs,Utah Jazz,W,113,104,24,31
San Antonio Spurs,Oklahoma City Thunder,L,103,131,24,32
San Antonio Spurs,Dallas Mavericks,L,103,109,24,33
San Antonio Spurs,Orlando Magic,W,114,113,25,33
San Antonio Spurs,Indiana Pacers,L,111,116,25,34
San Antonio Spurs,Charlotte Hornets,W,104,103,26,34
San Antonio Spurs,Brooklyn Nets,L,120,139,26,35
San Antonio Spurs,Cleveland Cavaliers,L,129,132,26,36
San Antonio Spurs,Dallas Mavericks,W,119,109,27,36
New Orleans Pelicans,Toronto Raptors,L,122,130,0,1
New Orleans Pelicans,Dallas Mavericks,L,116,123,0,2
New Orleans Pelicans,Houston Rockets,L,123,126,0,3
New Orleans Pelicans,Golden State Warriors,L,123,134,0,4
New Orleans Pelicans,Denver Nuggets,W,122,107,1,4
New Orleans Pelicans,Oklahoma City Thunder,L,104,115,1,5
New Orleans Pelicans,Brooklyn Nets,L,125,135,1,6
New Orleans Pelicans,Toronto Raptors,L,104,122,1,7
New Orleans Pelicans,Charlotte Hornets,W,115,110,2,7
New Orleans Pelicans,Houston Rockets,L,116,122,2,8
New Orleans Pelicans,Los Angeles Clippers,W,132,127,3,8
New Orleans Pelicans,Miami Heat,L,94,109,3,9
New Orleans Pelicans,Golden State Warriors,W,108,100,4,9
New Orleans Pelicans,Portland Trail Blazers,W,115,104,5,9
New Orleans Pelicans,Phoenix Suns,W,124,121,6,9
New Orleans Pelicans,Utah Jazz,L,120,128,6,10
New Orleans Pelicans,Los Angeles Clippers,L,109,134,6,11
New Orleans Pelicans,Los Angeles Lakers,L,110,114,6,12
New Orleans Pelicans,Oklahoma City Thunder,L,104,109,6,13
New Orleans Pelicans,Oklahoma City Thunder,L,104,107,6,14
New Orleans Pelicans,Dallas Mavericks,L,97,118,6,15
New Orleans Pelicans,Phoenix Suns,L,132,139,6,16
New Orleans Pelicans,Dallas Mavericks,L,84,130,6,17
New Orleans Pelicans,Detroit Pistons,L,103,105,6,18
New Orleans Pelicans,Milwaukee Bucks,L,112,127,6,19
New Orleans Pelicans,Philadelphia 76ers,L,109,116,6,20
New Orleans Pelicans,Orlando Magic,L,119,130,6,21
New Orleans Pelicans,Brooklyn Nets,L,101,108,6,22
New Orleans Pelicans,Minnesota Timberwolves,W,107,99,7,22
New Orleans Pelicans,Golden State Warriors,L,102,106,7,23
New Orleans Pelicans,Portland Trail Blazers,W,102,94,8,23
New Orleans Pelicans,Denver Nuggets,W,112,100,9,23
New Orleans Pelicans,Indiana Pacers,W,120,98,10,23
New Orleans Pelicans,Houston Rockets,W,127,112,11,23
New Orleans Pelicans,Los Angeles Lakers,L,113,123,11,24
New Orleans Pelicans,Sacramento Kings,W,117,115,12,24
New Orleans Pelicans,Utah Jazz,L,126,128,12,25
New Orleans Pelicans,Chicago Bulls,W,123,108,13,25
New Orleans Pelicans,New York Knicks,W,123,111,14,25
New Orleans Pelicans,Boston Celtics,L,105,140,14,26
New Orleans Pelicans,Detroit Pistons,W,117,110,15,26
New Orleans Pelicans,Utah Jazz,W,138,132,16,26
New Orleans Pelicans,Los Angeles Clippers,L,130,133,16,27
New Orleans Pelicans,Memphis Grizzlies,W,126,116,17,27
New Orleans Pelicans,San Antonio Spurs,L,117,121,17,28
New Orleans Pelicans,Denver Nuggets,L,106,113,17,29
New Orleans Pelicans,Boston Celtics,W,123,108,18,29
New Orleans Pelicans,Cleveland Cavaliers,W,125,111,19,29
New Orleans Pelicans,Memphis Grizzlies,W,139,111,20,29
New Orleans Pelicans,Houston Rockets,L,109,117,20,30
New Orleans Pelicans,Milwaukee Bucks,L,108,120,20,31
New Orleans Pelicans,Chicago Bulls,W,125,119,21,31
New Orleans Pelicans,Indiana Pacers,W,124,117,22,31
New Orleans Pelicans,Portland Trail Blazers,W,138,117,23,31
New Orleans Pelicans,Oklahoma City Thunder,L,118,123,23,32
New Orleans Pelicans,Portland Trail Blazers,W,128,115,24,32
New Orleans Pelicans,Golden State Warriors,W,115,101,25,32
New Orleans Pelicans,Los Angeles Lakers,L,109,118,25,33
New Orleans Pelicans,Cleveland Cavaliers,W,116,104,26,33
New Orleans Pelicans,Los Angeles Lakers,L,114,122,26,34
New Orleans Pelicans,Minnesota Timberwolves,L,134,139,26,35
New Orleans Pelicans,Dallas Mavericks,L,123,127,26,36
New Orleans Pelicans,Miami Heat,W,110,104,27,36
New Orleans Pelicans,Minnesota Timberwolves,W,120,107,28,36